firstname,lastname,email,Year,picture,Attendance
Jany,Carlson,Jany.Carlson@FauxMail.com,First Year,PlaceholderStudentImage.png,Not aproved
Nikki,Schonfeld,Nikki.Schonfeld@FauxMail.com,First Year,PlaceholderStudentImage.png,Approved
Britte,Corrine,Britte.Corrine@FauxMail.com,First Year,PlaceholderStudentImage.png,Approved
Lenna,Rustice,Lenna.Rustice@FauxMail.com,First Year,PlaceholderStudentImage.png,Approved
Rivalee,Abram,Rivalee.Abram@FauxMail.com,First Year,PlaceholderStudentImage.png,Approved
Modestia,Taima,Modestia.Taima@FauxMail.com,First Year,PlaceholderStudentImage.png,Not aproved
Jsandye,Morrill,Jsandye.Morrill@FauxMail.com,First Year,PlaceholderStudentImage.png,Not aproved
Tarra,Papageno,Tarra.Papageno@FauxMail.com,First Year,PlaceholderStudentImage.png,Not aproved
Stephanie,Ethban,Stephanie.Ethban@FauxMail.com,First Year,PlaceholderStudentImage.png,Not aproved
Lolita,Madaih,Lolita.Madaih@FauxMail.com,First Year,PlaceholderStudentImage.png,Approved
Aaren,O'Neill,Aaren.O'Neill@FauxMail.com,First Year,PlaceholderStudentImage.png,Approved
Renae,Leopold,Renae.Leopold@FauxMail.com,First Year,PlaceholderStudentImage.png,Approved
Claresta,Baudin,Claresta.Baudin@FauxMail.com,First Year,PlaceholderStudentImage.png,Not aproved
Adelle,Hedve,Adelle.Hedve@FauxMail.com,First Year,PlaceholderStudentImage.png,Not aproved
Stephanie,Santoro,Stephanie.Santoro@FauxMail.com,First Year,PlaceholderStudentImage.png,Not aproved
Oona,Dawkins,Oona.Dawkins@FauxMail.com,First Year,PlaceholderStudentImage.png,Approved
Ingrid,Catie,Ingrid.Catie@FauxMail.com,First Year,PlaceholderStudentImage.png,Approved
Gavrielle,Maurine,Gavrielle.Maurine@FauxMail.com,First Year,PlaceholderStudentImage.png,Not aproved
Minne,Screens,Minne.Screens@FauxMail.com,First Year,PlaceholderStudentImage.png,Not aproved
Elyssa,Odell,Elyssa.Odell@FauxMail.com,First Year,PlaceholderStudentImage.png,Not aproved
Adore,Thomasina,Adore.Thomasina@FauxMail.com,First Year,PlaceholderStudentImage.png,Not aproved
Carlie,Jarib,Carlie.Jarib@FauxMail.com,First Year,PlaceholderStudentImage.png,Not aproved
Brana,Warthman,Brana.Warthman@FauxMail.com,First Year,PlaceholderStudentImage.png,Approved
Kary,Andrel,Kary.Andrel@FauxMail.com,First Year,PlaceholderStudentImage.png,Approved
Cherilyn,Camden,Cherilyn.Camden@FauxMail.com,First Year,PlaceholderStudentImage.png,Approved
Laure,Katrine,Laure.Katrine@FauxMail.com,First Year,PlaceholderStudentImage.png,Approved
Latisha,Hortensia,Latisha.Hortensia@FauxMail.com,First Year,PlaceholderStudentImage.png,Not aproved
Lanna,Nicoline,Lanna.Nicoline@FauxMail.com,First Year,PlaceholderStudentImage.png,Not aproved
Kaja,Fancie,Kaja.Fancie@FauxMail.com,First Year,PlaceholderStudentImage.png,Not aproved
Gabi,Desai,Gabi.Desai@FauxMail.com,First Year,PlaceholderStudentImage.png,Approved
Quintina,Halla,Quintina.Halla@FauxMail.com,First Year,PlaceholderStudentImage.png,Approved
Kirstin,Joni,Kirstin.Joni@FauxMail.com,First Year,PlaceholderStudentImage.png,Approved
Grier,Diogenes,Grier.Diogenes@FauxMail.com,First Year,PlaceholderStudentImage.png,Approved
Feliza,Chesna,Feliza.Chesna@FauxMail.com,First Year,PlaceholderStudentImage.png,Approved
Charissa,Birdella,Charissa.Birdella@FauxMail.com,First Year,PlaceholderStudentImage.png,Not aproved
Ariela,Kathie,Ariela.Kathie@FauxMail.com,First Year,PlaceholderStudentImage.png,Approved
Libbie,Kesley,Libbie.Kesley@FauxMail.com,First Year,PlaceholderStudentImage.png,Approved
Minda,Drus,Minda.Drus@FauxMail.com,First Year,PlaceholderStudentImage.png,Approved
Shirlee,Raffo,Shirlee.Raffo@FauxMail.com,First Year,PlaceholderStudentImage.png,Approved
Barbara,Lalitta,Barbara.Lalitta@FauxMail.com,First Year,PlaceholderStudentImage.png,Approved
Vere,Carolin,Vere.Carolin@FauxMail.com,First Year,PlaceholderStudentImage.png,Not aproved
Sabina,Minetta,Sabina.Minetta@FauxMail.com,First Year,PlaceholderStudentImage.png,Not aproved
Doro,Ax,Doro.Ax@FauxMail.com,First Year,PlaceholderStudentImage.png,Not aproved
Lilith,Kimmie,Lilith.Kimmie@FauxMail.com,First Year,PlaceholderStudentImage.png,Not aproved
Monika,Jerald,Monika.Jerald@FauxMail.com,First Year,PlaceholderStudentImage.png,Not aproved
Karolina,Christine,Karolina.Christine@FauxMail.com,First Year,PlaceholderStudentImage.png,Approved
Nonnah,Cookie,Nonnah.Cookie@FauxMail.com,First Year,PlaceholderStudentImage.png,Approved
Fayre,Cloris,Fayre.Cloris@FauxMail.com,First Year,PlaceholderStudentImage.png,Approved
Charissa,Telfer,Charissa.Telfer@FauxMail.com,First Year,PlaceholderStudentImage.png,Approved
Mathilda,Wilkinson,Mathilda.Wilkinson@FauxMail.com,First Year,PlaceholderStudentImage.png,Approved
Eolanda,Fairweather,Eolanda.Fairweather@FauxMail.com,First Year,PlaceholderStudentImage.png,Not aproved
Lily,Ahab,Lily.Ahab@FauxMail.com,First Year,PlaceholderStudentImage.png,Approved
Karina,Charmine,Karina.Charmine@FauxMail.com,First Year,PlaceholderStudentImage.png,Approved
Tierney,O'Carroll,Tierney.O'Carroll@FauxMail.com,First Year,PlaceholderStudentImage.png,Approved
Madeleine,Ortrude,Madeleine.Ortrude@FauxMail.com,First Year,PlaceholderStudentImage.png,Approved
Sheelagh,Judye,Sheelagh.Judye@FauxMail.com,First Year,PlaceholderStudentImage.png,Approved
Helsa,Suzetta,Helsa.Suzetta@FauxMail.com,First Year,PlaceholderStudentImage.png,Not aproved
Carmela,Ventre,Carmela.Ventre@FauxMail.com,First Year,PlaceholderStudentImage.png,Approved
Taffy,Koziara,Taffy.Koziara@FauxMail.com,First Year,PlaceholderStudentImage.png,Not aproved
Elie,Konyn,Elie.Konyn@FauxMail.com,First Year,PlaceholderStudentImage.png,Approved
Roxane,Ade,Roxane.Ade@FauxMail.com,First Year,PlaceholderStudentImage.png,Approved
Yolane,Trace,Yolane.Trace@FauxMail.com,First Year,PlaceholderStudentImage.png,Not aproved
Millie,Fiester,Millie.Fiester@FauxMail.com,First Year,PlaceholderStudentImage.png,Not aproved
Lauryn,Cottle,Lauryn.Cottle@FauxMail.com,First Year,PlaceholderStudentImage.png,Approved
Candi,Soneson,Candi.Soneson@FauxMail.com,First Year,PlaceholderStudentImage.png,Approved
June,Gower,June.Gower@FauxMail.com,First Year,PlaceholderStudentImage.png,Not aproved
Beatriz,Erminia,Beatriz.Erminia@FauxMail.com,First Year,PlaceholderStudentImage.png,Approved
Claudina,Rooney,Claudina.Rooney@FauxMail.com,First Year,PlaceholderStudentImage.png,Approved
Devina,Trace,Devina.Trace@FauxMail.com,First Year,PlaceholderStudentImage.png,Not aproved
Flory,Denis,Flory.Denis@FauxMail.com,First Year,PlaceholderStudentImage.png,Approved
Kristan,Seessel,Kristan.Seessel@FauxMail.com,First Year,PlaceholderStudentImage.png,Approved
Ernesta,Tarrant,Ernesta.Tarrant@FauxMail.com,First Year,PlaceholderStudentImage.png,Not aproved
Gabi,Waldron,Gabi.Waldron@FauxMail.com,First Year,PlaceholderStudentImage.png,Approved
Vita,Aloise,Vita.Aloise@FauxMail.com,First Year,PlaceholderStudentImage.png,Not aproved
Rori,Yorick,Rori.Yorick@FauxMail.com,First Year,PlaceholderStudentImage.png,Approved
Rani,Malina,Rani.Malina@FauxMail.com,First Year,PlaceholderStudentImage.png,Not aproved
Bee,Orlene,Bee.Orlene@FauxMail.com,First Year,PlaceholderStudentImage.png,Not aproved
Kaja,Delp,Kaja.Delp@FauxMail.com,First Year,PlaceholderStudentImage.png,Not aproved
Janey,Halla,Janey.Halla@FauxMail.com,First Year,PlaceholderStudentImage.png,Not aproved
Lauryn,Morehouse,Lauryn.Morehouse@FauxMail.com,First Year,PlaceholderStudentImage.png,Not aproved
Karolina,Laverne,Karolina.Laverne@FauxMail.com,First Year,PlaceholderStudentImage.png,Not aproved
Dulce,Florina,Dulce.Florina@FauxMail.com,First Year,PlaceholderStudentImage.png,Not aproved
Shaine,Nadia,Shaine.Nadia@FauxMail.com,First Year,PlaceholderStudentImage.png,Not aproved
Minda,Torray,Minda.Torray@FauxMail.com,First Year,PlaceholderStudentImage.png,Not aproved
Helsa,Ariella,Helsa.Ariella@FauxMail.com,First Year,PlaceholderStudentImage.png,Not aproved
Carmela,Waite,Carmela.Waite@FauxMail.com,First Year,PlaceholderStudentImage.png,Not aproved
Merci,Ummersen,Merci.Ummersen@FauxMail.com,First Year,PlaceholderStudentImage.png,Approved
Lonnie,Baylor,Lonnie.Baylor@FauxMail.com,First Year,PlaceholderStudentImage.png,Approved
Sybille,Thad,Sybille.Thad@FauxMail.com,First Year,PlaceholderStudentImage.png,Not aproved
Dione,Medrek,Dione.Medrek@FauxMail.com,First Year,PlaceholderStudentImage.png,Not aproved
Michaelina,Halsey,Michaelina.Halsey@FauxMail.com,First Year,PlaceholderStudentImage.png,Not aproved
Perry,Hachmin,Perry.Hachmin@FauxMail.com,First Year,PlaceholderStudentImage.png,Approved
Gavrielle,Emmy,Gavrielle.Emmy@FauxMail.com,First Year,PlaceholderStudentImage.png,Not aproved
Claresta,Moina,Claresta.Moina@FauxMail.com,First Year,PlaceholderStudentImage.png,Approved
Oona,Sherrie,Oona.Sherrie@FauxMail.com,First Year,PlaceholderStudentImage.png,Not aproved
Selia,Publia,Selia.Publia@FauxMail.com,First Year,PlaceholderStudentImage.png,Approved
Flory,Neva,Flory.Neva@FauxMail.com,First Year,PlaceholderStudentImage.png,Not aproved
Brandise,Rebecka,Brandise.Rebecka@FauxMail.com,First Year,PlaceholderStudentImage.png,Approved
Alleen,Henebry,Alleen.Henebry@FauxMail.com,First Year,PlaceholderStudentImage.png,Approved
Candy,Alarise,Candy.Alarise@FauxMail.com,First Year,PlaceholderStudentImage.png,Approved
Atlanta,Himelman,Atlanta.Himelman@FauxMail.com,First Year,PlaceholderStudentImage.png,Not aproved
Madeleine,Adrienne,Madeleine.Adrienne@FauxMail.com,First Year,PlaceholderStudentImage.png,Not aproved
Jessamyn,Vorster,Jessamyn.Vorster@FauxMail.com,First Year,PlaceholderStudentImage.png,Not aproved
Meriel,Kaja,Meriel.Kaja@FauxMail.com,First Year,PlaceholderStudentImage.png,Approved
Charissa,Louanna,Charissa.Louanna@FauxMail.com,First Year,PlaceholderStudentImage.png,Approved
Catrina,Constancy,Catrina.Constancy@FauxMail.com,First Year,PlaceholderStudentImage.png,Approved
Roseline,Marden,Roseline.Marden@FauxMail.com,First Year,PlaceholderStudentImage.png,Approved
Sean,Corrine,Sean.Corrine@FauxMail.com,First Year,PlaceholderStudentImage.png,Approved
Cecile,Diann,Cecile.Diann@FauxMail.com,First Year,PlaceholderStudentImage.png,Not aproved
Lolita,Claudine,Lolita.Claudine@FauxMail.com,First Year,PlaceholderStudentImage.png,Not aproved
Marguerite,Sharl,Marguerite.Sharl@FauxMail.com,First Year,PlaceholderStudentImage.png,Not aproved
Priscilla,Jarib,Priscilla.Jarib@FauxMail.com,First Year,PlaceholderStudentImage.png,Not aproved
Etta,Nedrud,Etta.Nedrud@FauxMail.com,First Year,PlaceholderStudentImage.png,Approved
Chrystel,Boehike,Chrystel.Boehike@FauxMail.com,First Year,PlaceholderStudentImage.png,Approved
Elbertina,Michella,Elbertina.Michella@FauxMail.com,First Year,PlaceholderStudentImage.png,Not aproved
Talya,Baptlsta,Talya.Baptlsta@FauxMail.com,First Year,PlaceholderStudentImage.png,Approved
Giustina,Cynar,Giustina.Cynar@FauxMail.com,First Year,PlaceholderStudentImage.png,Not aproved
Mellicent,Rooney,Mellicent.Rooney@FauxMail.com,First Year,PlaceholderStudentImage.png,Not aproved
Lorne,Schroth,Lorne.Schroth@FauxMail.com,First Year,PlaceholderStudentImage.png,Approved
Yetty,Zitvaa,Yetty.Zitvaa@FauxMail.com,First Year,PlaceholderStudentImage.png,Approved
Abbie,Westphal,Abbie.Westphal@FauxMail.com,First Year,PlaceholderStudentImage.png,Not aproved
Melina,Edmund,Melina.Edmund@FauxMail.com,First Year,PlaceholderStudentImage.png,Not aproved
Meriel,Jaylene,Meriel.Jaylene@FauxMail.com,First Year,PlaceholderStudentImage.png,Approved
Roz,Pulsifer,Roz.Pulsifer@FauxMail.com,First Year,PlaceholderStudentImage.png,Not aproved
Maisey,Ajay,Maisey.Ajay@FauxMail.com,First Year,PlaceholderStudentImage.png,Approved
Hollie,Alexandr,Hollie.Alexandr@FauxMail.com,First Year,PlaceholderStudentImage.png,Not aproved
Carmencita,Bonucci,Carmencita.Bonucci@FauxMail.com,First Year,PlaceholderStudentImage.png,Not aproved
Helena,Maxi,Helena.Maxi@FauxMail.com,First Year,PlaceholderStudentImage.png,Approved
Pamella,McNully,Pamella.McNully@FauxMail.com,First Year,PlaceholderStudentImage.png,Not aproved
Adore,Chauncey,Adore.Chauncey@FauxMail.com,First Year,PlaceholderStudentImage.png,Not aproved
Rochette,Persse,Rochette.Persse@FauxMail.com,First Year,PlaceholderStudentImage.png,Not aproved
Katuscha,Jacobah,Katuscha.Jacobah@FauxMail.com,First Year,PlaceholderStudentImage.png,Approved
Brana,Croix,Brana.Croix@FauxMail.com,First Year,PlaceholderStudentImage.png,Approved
Ronna,Amadas,Ronna.Amadas@FauxMail.com,First Year,PlaceholderStudentImage.png,Approved
Lucille,Cloris,Lucille.Cloris@FauxMail.com,First Year,PlaceholderStudentImage.png,Not aproved
Phedra,Ingra,Phedra.Ingra@FauxMail.com,First Year,PlaceholderStudentImage.png,Approved
Karly,Zenas,Karly.Zenas@FauxMail.com,First Year,PlaceholderStudentImage.png,Not aproved
Fredericka,Cavan,Fredericka.Cavan@FauxMail.com,First Year,PlaceholderStudentImage.png,Not aproved
Chastity,Middleton,Chastity.Middleton@FauxMail.com,First Year,PlaceholderStudentImage.png,Approved
Minda,Thornburg,Minda.Thornburg@FauxMail.com,First Year,PlaceholderStudentImage.png,Not aproved
Shannah,Presber,Shannah.Presber@FauxMail.com,First Year,PlaceholderStudentImage.png,Not aproved
Eadie,Pacorro,Eadie.Pacorro@FauxMail.com,First Year,PlaceholderStudentImage.png,Not aproved
Agathe,Cecile,Agathe.Cecile@FauxMail.com,First Year,PlaceholderStudentImage.png,Approved
Gwyneth,Pauly,Gwyneth.Pauly@FauxMail.com,First Year,PlaceholderStudentImage.png,Not aproved
Ruthe,Tippets,Ruthe.Tippets@FauxMail.com,First Year,PlaceholderStudentImage.png,Not aproved
Lizzie,Haldas,Lizzie.Haldas@FauxMail.com,First Year,PlaceholderStudentImage.png,Approved
Angelique,Loring,Angelique.Loring@FauxMail.com,First Year,PlaceholderStudentImage.png,Approved
Vere,Ashok,Vere.Ashok@FauxMail.com,First Year,PlaceholderStudentImage.png,Not aproved
Selma,Erlandson,Selma.Erlandson@FauxMail.com,First Year,PlaceholderStudentImage.png,Approved
Mady,Krystle,Mady.Krystle@FauxMail.com,First Year,PlaceholderStudentImage.png,Not aproved
Nickie,Earlie,Nickie.Earlie@FauxMail.com,First Year,PlaceholderStudentImage.png,Approved
Roseline,Gino,Roseline.Gino@FauxMail.com,First Year,PlaceholderStudentImage.png,Not aproved
Catharine,Delp,Catharine.Delp@FauxMail.com,First Year,PlaceholderStudentImage.png,Approved
Sandie,Christine,Sandie.Christine@FauxMail.com,First Year,PlaceholderStudentImage.png,Approved
Kathy,Gilbertson,Kathy.Gilbertson@FauxMail.com,First Year,PlaceholderStudentImage.png,Not aproved
Shannah,Cosenza,Shannah.Cosenza@FauxMail.com,First Year,PlaceholderStudentImage.png,Not aproved
Averyl,Claudine,Averyl.Claudine@FauxMail.com,First Year,PlaceholderStudentImage.png,Not aproved
Priscilla,Barrus,Priscilla.Barrus@FauxMail.com,First Year,PlaceholderStudentImage.png,Approved
Genovera,Krystle,Genovera.Krystle@FauxMail.com,First Year,PlaceholderStudentImage.png,Not aproved
Gusty,Jacobah,Gusty.Jacobah@FauxMail.com,First Year,PlaceholderStudentImage.png,Not aproved
Cyb,Caitlin,Cyb.Caitlin@FauxMail.com,First Year,PlaceholderStudentImage.png,Approved
Pollyanna,Marden,Pollyanna.Marden@FauxMail.com,First Year,PlaceholderStudentImage.png,Not aproved
Rhea,Love,Rhea.Love@FauxMail.com,First Year,PlaceholderStudentImage.png,Approved
Helsa,Israeli,Helsa.Israeli@FauxMail.com,First Year,PlaceholderStudentImage.png,Not aproved
Roslyn,Lay,Roslyn.Lay@FauxMail.com,First Year,PlaceholderStudentImage.png,Approved
Sybille,Malanie,Sybille.Malanie@FauxMail.com,First Year,PlaceholderStudentImage.png,Approved
Elsie,Gert,Elsie.Gert@FauxMail.com,First Year,PlaceholderStudentImage.png,Not aproved
Carmela,Vorster,Carmela.Vorster@FauxMail.com,First Year,PlaceholderStudentImage.png,Not aproved
Romona,Marcellus,Romona.Marcellus@FauxMail.com,First Year,PlaceholderStudentImage.png,Approved
Althea,Ade,Althea.Ade@FauxMail.com,First Year,PlaceholderStudentImage.png,Not aproved
Annora,Faro,Annora.Faro@FauxMail.com,First Year,PlaceholderStudentImage.png,Not aproved
Candi,Urania,Candi.Urania@FauxMail.com,First Year,PlaceholderStudentImage.png,Not aproved
Nelle,Hachmin,Nelle.Hachmin@FauxMail.com,First Year,PlaceholderStudentImage.png,Not aproved
Kara-Lynn,Noelyn,Kara-Lynn.Noelyn@FauxMail.com,First Year,PlaceholderStudentImage.png,Not aproved
Krystle,Sidonius,Krystle.Sidonius@FauxMail.com,First Year,PlaceholderStudentImage.png,Approved
Aeriela,Kussell,Aeriela.Kussell@FauxMail.com,First Year,PlaceholderStudentImage.png,Not aproved
Fredericka,Hillel,Fredericka.Hillel@FauxMail.com,First Year,PlaceholderStudentImage.png,Not aproved
Joleen,Rillings,Joleen.Rillings@FauxMail.com,First Year,PlaceholderStudentImage.png,Approved
Atlanta,Hessler,Atlanta.Hessler@FauxMail.com,First Year,PlaceholderStudentImage.png,Not aproved
Annora,Thomasina,Annora.Thomasina@FauxMail.com,First Year,PlaceholderStudentImage.png,Not aproved
Paulita,Therine,Paulita.Therine@FauxMail.com,First Year,PlaceholderStudentImage.png,Approved
Eugine,Screens,Eugine.Screens@FauxMail.com,First Year,PlaceholderStudentImage.png,Approved
Tobe,Newell,Tobe.Newell@FauxMail.com,First Year,PlaceholderStudentImage.png,Not aproved
Alexine,Carbo,Alexine.Carbo@FauxMail.com,First Year,PlaceholderStudentImage.png,Approved
Drucie,Desai,Drucie.Desai@FauxMail.com,First Year,PlaceholderStudentImage.png,Not aproved
Celestyna,Swigart,Celestyna.Swigart@FauxMail.com,First Year,PlaceholderStudentImage.png,Not aproved
Briney,Behre,Briney.Behre@FauxMail.com,First Year,PlaceholderStudentImage.png,Approved
Allis,Creamer,Allis.Creamer@FauxMail.com,First Year,PlaceholderStudentImage.png,Not aproved
Cristabel,Dex,Cristabel.Dex@FauxMail.com,First Year,PlaceholderStudentImage.png,Approved
Larine,Cullin,Larine.Cullin@FauxMail.com,First Year,PlaceholderStudentImage.png,Approved
Sherrie,Land,Sherrie.Land@FauxMail.com,First Year,PlaceholderStudentImage.png,Approved
Elfreda,Wu,Elfreda.Wu@FauxMail.com,First Year,PlaceholderStudentImage.png,Not aproved
Georgina,Amethist,Georgina.Amethist@FauxMail.com,First Year,PlaceholderStudentImage.png,Approved
Ardenia,Wareing,Ardenia.Wareing@FauxMail.com,First Year,PlaceholderStudentImage.png,Approved
Eugine,Earlie,Eugine.Earlie@FauxMail.com,First Year,PlaceholderStudentImage.png,Not aproved
Albertina,Daveta,Albertina.Daveta@FauxMail.com,First Year,PlaceholderStudentImage.png,Approved
Florencia,Stoller,Florencia.Stoller@FauxMail.com,First Year,PlaceholderStudentImage.png,Not aproved
Vevay,Whittaker,Vevay.Whittaker@FauxMail.com,First Year,PlaceholderStudentImage.png,Approved
Willetta,Jehu,Willetta.Jehu@FauxMail.com,First Year,PlaceholderStudentImage.png,Not aproved
Yvonne,Elvyn,Yvonne.Elvyn@FauxMail.com,First Year,PlaceholderStudentImage.png,Approved
Ebonee,Dominy,Ebonee.Dominy@FauxMail.com,First Year,PlaceholderStudentImage.png,Not aproved
Lily,Lindemann,Lily.Lindemann@FauxMail.com,First Year,PlaceholderStudentImage.png,Approved
Consuela,Tayib,Consuela.Tayib@FauxMail.com,First Year,PlaceholderStudentImage.png,Approved
Susette,Beniamino,Susette.Beniamino@FauxMail.com,First Year,PlaceholderStudentImage.png,Approved
Marika,Waite,Marika.Waite@FauxMail.com,First Year,PlaceholderStudentImage.png,Approved
Donnie,Mallon,Donnie.Mallon@FauxMail.com,First Year,PlaceholderStudentImage.png,Not aproved
Steffane,Valoniah,Steffane.Valoniah@FauxMail.com,First Year,PlaceholderStudentImage.png,Approved
Celene,Darbie,Celene.Darbie@FauxMail.com,First Year,PlaceholderStudentImage.png,Not aproved
Ketti,Brenn,Ketti.Brenn@FauxMail.com,First Year,PlaceholderStudentImage.png,Not aproved
Laurene,Valoniah,Laurene.Valoniah@FauxMail.com,First Year,PlaceholderStudentImage.png,Approved
Laure,Seligman,Laure.Seligman@FauxMail.com,First Year,PlaceholderStudentImage.png,Not aproved
Dianemarie,Mitzi,Dianemarie.Mitzi@FauxMail.com,First Year,PlaceholderStudentImage.png,Approved
Valera,Vastah,Valera.Vastah@FauxMail.com,First Year,PlaceholderStudentImage.png,Approved
Amelia,Craggie,Amelia.Craggie@FauxMail.com,First Year,PlaceholderStudentImage.png,Not aproved
Mahalia,Xerxes,Mahalia.Xerxes@FauxMail.com,First Year,PlaceholderStudentImage.png,Not aproved
Reeba,Campball,Reeba.Campball@FauxMail.com,First Year,PlaceholderStudentImage.png,Approved
Lisette,Saunderson,Lisette.Saunderson@FauxMail.com,First Year,PlaceholderStudentImage.png,Approved
Daryl,Sawtelle,Daryl.Sawtelle@FauxMail.com,First Year,PlaceholderStudentImage.png,Not aproved
Arabel,Cullin,Arabel.Cullin@FauxMail.com,First Year,PlaceholderStudentImage.png,Not aproved
Consuela,Mintz,Consuela.Mintz@FauxMail.com,First Year,PlaceholderStudentImage.png,Approved
Chastity,Gunn,Chastity.Gunn@FauxMail.com,First Year,PlaceholderStudentImage.png,Approved
Nelle,Pettiford,Nelle.Pettiford@FauxMail.com,First Year,PlaceholderStudentImage.png,Not aproved
Mignon,Ax,Mignon.Ax@FauxMail.com,First Year,PlaceholderStudentImage.png,Not aproved
Addia,Poll,Addia.Poll@FauxMail.com,First Year,PlaceholderStudentImage.png,Approved
Tersina,Eben,Tersina.Eben@FauxMail.com,First Year,PlaceholderStudentImage.png,Not aproved
Carree,Sheng,Carree.Sheng@FauxMail.com,First Year,PlaceholderStudentImage.png,Not aproved
Drucie,Goldina,Drucie.Goldina@FauxMail.com,First Year,PlaceholderStudentImage.png,Approved
Kore,Screens,Kore.Screens@FauxMail.com,First Year,PlaceholderStudentImage.png,Not aproved
Angela,Lymann,Angela.Lymann@FauxMail.com,First Year,PlaceholderStudentImage.png,Not aproved
Kimberley,Grosz,Kimberley.Grosz@FauxMail.com,First Year,PlaceholderStudentImage.png,Approved
Karina,Lytton,Karina.Lytton@FauxMail.com,First Year,PlaceholderStudentImage.png,Not aproved
Sibella,Elephus,Sibella.Elephus@FauxMail.com,First Year,PlaceholderStudentImage.png,Not aproved
Abbie,Uird,Abbie.Uird@FauxMail.com,First Year,PlaceholderStudentImage.png,Not aproved
Letizia,Jefferey,Letizia.Jefferey@FauxMail.com,First Year,PlaceholderStudentImage.png,Approved
Evita,Milde,Evita.Milde@FauxMail.com,First Year,PlaceholderStudentImage.png,Approved
Dorothy,Cynar,Dorothy.Cynar@FauxMail.com,First Year,PlaceholderStudentImage.png,Not aproved
Adelle,Dannye,Adelle.Dannye@FauxMail.com,First Year,PlaceholderStudentImage.png,Approved
Hildegaard,Irmine,Hildegaard.Irmine@FauxMail.com,First Year,PlaceholderStudentImage.png,Approved
Gloria,Ogren,Gloria.Ogren@FauxMail.com,First Year,PlaceholderStudentImage.png,Approved
Joleen,Pauly,Joleen.Pauly@FauxMail.com,First Year,PlaceholderStudentImage.png,Not aproved
Blinni,Frendel,Blinni.Frendel@FauxMail.com,First Year,PlaceholderStudentImage.png,Not aproved
Candy,Leopold,Candy.Leopold@FauxMail.com,First Year,PlaceholderStudentImage.png,Not aproved
Zaria,Yate,Zaria.Yate@FauxMail.com,First Year,PlaceholderStudentImage.png,Approved
Sharai,Roxanna,Sharai.Roxanna@FauxMail.com,First Year,PlaceholderStudentImage.png,Not aproved
Ann-Marie,Kylander,Ann-Marie.Kylander@FauxMail.com,First Year,PlaceholderStudentImage.png,Not aproved
Kristan,Vastah,Kristan.Vastah@FauxMail.com,First Year,PlaceholderStudentImage.png,Not aproved
Maud,Kermit,Maud.Kermit@FauxMail.com,First Year,PlaceholderStudentImage.png,Approved
Aigneis,Klotz,Aigneis.Klotz@FauxMail.com,First Year,PlaceholderStudentImage.png,Not aproved
Drucie,Izaak,Drucie.Izaak@FauxMail.com,First Year,PlaceholderStudentImage.png,Approved
Ardeen,Blase,Ardeen.Blase@FauxMail.com,First Year,PlaceholderStudentImage.png,Not aproved
Andeee,Odell,Andeee.Odell@FauxMail.com,Second Year,PlaceholderStudentImage.png,Not aproved
Mureil,Willie,Mureil.Willie@FauxMail.com,Second Year,PlaceholderStudentImage.png,Not aproved
Linet,Leler,Linet.Leler@FauxMail.com,Second Year,PlaceholderStudentImage.png,Approved
Jordan,Hamil,Jordan.Hamil@FauxMail.com,Second Year,PlaceholderStudentImage.png,Not aproved
Claudina,Norrie,Claudina.Norrie@FauxMail.com,Second Year,PlaceholderStudentImage.png,Not aproved
Romona,Bollay,Romona.Bollay@FauxMail.com,Second Year,PlaceholderStudentImage.png,Not aproved
Kaia,Vanni,Kaia.Vanni@FauxMail.com,Second Year,PlaceholderStudentImage.png,Approved
Georgetta,Goddard,Georgetta.Goddard@FauxMail.com,Second Year,PlaceholderStudentImage.png,Not aproved
Lynnea,Quinn,Lynnea.Quinn@FauxMail.com,Second Year,PlaceholderStudentImage.png,Not aproved
Rochette,Johanna,Rochette.Johanna@FauxMail.com,Second Year,PlaceholderStudentImage.png,Approved
Christal,Colbert,Christal.Colbert@FauxMail.com,Second Year,PlaceholderStudentImage.png,Approved
Alyssa,Darian,Alyssa.Darian@FauxMail.com,Second Year,PlaceholderStudentImage.png,Approved
Myrtice,Nahum,Myrtice.Nahum@FauxMail.com,Second Year,PlaceholderStudentImage.png,Approved
Yolane,Fry,Yolane.Fry@FauxMail.com,Second Year,PlaceholderStudentImage.png,Approved
Tami,Colp,Tami.Colp@FauxMail.com,Second Year,PlaceholderStudentImage.png,Not aproved
Aeriela,Tacye,Aeriela.Tacye@FauxMail.com,Second Year,PlaceholderStudentImage.png,Not aproved
Codie,Maples,Codie.Maples@FauxMail.com,Second Year,PlaceholderStudentImage.png,Approved
Dianemarie,Morrill,Dianemarie.Morrill@FauxMail.com,Second Year,PlaceholderStudentImage.png,Approved
Lenna,Linehan,Lenna.Linehan@FauxMail.com,Second Year,PlaceholderStudentImage.png,Approved
Almeta,Weinreb,Almeta.Weinreb@FauxMail.com,Second Year,PlaceholderStudentImage.png,Not aproved
Carlie,Gilbertson,Carlie.Gilbertson@FauxMail.com,Second Year,PlaceholderStudentImage.png,Approved
Augustine,Rad,Augustine.Rad@FauxMail.com,Second Year,PlaceholderStudentImage.png,Not aproved
Sam,Anastatius,Sam.Anastatius@FauxMail.com,Second Year,PlaceholderStudentImage.png,Not aproved
Iseabal,Dichy,Iseabal.Dichy@FauxMail.com,Second Year,PlaceholderStudentImage.png,Approved
Frank,Raimondo,Frank.Raimondo@FauxMail.com,Second Year,PlaceholderStudentImage.png,Not aproved
Queenie,Heidt,Queenie.Heidt@FauxMail.com,Second Year,PlaceholderStudentImage.png,Approved
Ivett,Stav,Ivett.Stav@FauxMail.com,Second Year,PlaceholderStudentImage.png,Not aproved
Helena,Lindemann,Helena.Lindemann@FauxMail.com,Second Year,PlaceholderStudentImage.png,Approved
Kelly,Hanshaw,Kelly.Hanshaw@FauxMail.com,Second Year,PlaceholderStudentImage.png,Approved
Margette,Delila,Margette.Delila@FauxMail.com,Second Year,PlaceholderStudentImage.png,Not aproved
Paulita,Lucienne,Paulita.Lucienne@FauxMail.com,Second Year,PlaceholderStudentImage.png,Not aproved
Eolanda,Kirstin,Eolanda.Kirstin@FauxMail.com,Second Year,PlaceholderStudentImage.png,Not aproved
Starla,Ietta,Starla.Ietta@FauxMail.com,Second Year,PlaceholderStudentImage.png,Not aproved
Kimberley,Seumas,Kimberley.Seumas@FauxMail.com,Second Year,PlaceholderStudentImage.png,Not aproved
Talya,Keily,Talya.Keily@FauxMail.com,Second Year,PlaceholderStudentImage.png,Approved
Mellicent,Baylor,Mellicent.Baylor@FauxMail.com,Second Year,PlaceholderStudentImage.png,Approved
Darlleen,Jammal,Darlleen.Jammal@FauxMail.com,Second Year,PlaceholderStudentImage.png,Approved
Ethel,Dermott,Ethel.Dermott@FauxMail.com,Second Year,PlaceholderStudentImage.png,Not aproved
Trudie,Lutero,Trudie.Lutero@FauxMail.com,Second Year,PlaceholderStudentImage.png,Not aproved
Robbi,Tufts,Robbi.Tufts@FauxMail.com,Second Year,PlaceholderStudentImage.png,Not aproved
Carmencita,Erskine,Carmencita.Erskine@FauxMail.com,Second Year,PlaceholderStudentImage.png,Approved
Bill,Hortensia,Bill.Hortensia@FauxMail.com,Second Year,PlaceholderStudentImage.png,Not aproved
Kaja,Corrine,Kaja.Corrine@FauxMail.com,Second Year,PlaceholderStudentImage.png,Not aproved
Paule,Sancho,Paule.Sancho@FauxMail.com,Second Year,PlaceholderStudentImage.png,Approved
Barbara,Kamaria,Barbara.Kamaria@FauxMail.com,Second Year,PlaceholderStudentImage.png,Approved
Jenilee,An,Jenilee.An@FauxMail.com,Second Year,PlaceholderStudentImage.png,Approved
Joelly,Allina,Joelly.Allina@FauxMail.com,Second Year,PlaceholderStudentImage.png,Approved
Theodora,Arley,Theodora.Arley@FauxMail.com,Second Year,PlaceholderStudentImage.png,Approved
Ronna,Pattin,Ronna.Pattin@FauxMail.com,Second Year,PlaceholderStudentImage.png,Approved
Fred,Joni,Fred.Joni@FauxMail.com,Second Year,PlaceholderStudentImage.png,Approved
Mariele,Bendick,Mariele.Bendick@FauxMail.com,Second Year,PlaceholderStudentImage.png,Not aproved
Mariann,Trey,Mariann.Trey@FauxMail.com,Second Year,PlaceholderStudentImage.png,Not aproved
Madelle,Eben,Madelle.Eben@FauxMail.com,Second Year,PlaceholderStudentImage.png,Not aproved
Gusty,Zuzana,Gusty.Zuzana@FauxMail.com,Second Year,PlaceholderStudentImage.png,Not aproved
Jinny,Zenas,Jinny.Zenas@FauxMail.com,Second Year,PlaceholderStudentImage.png,Not aproved
Ardys,Idelia,Ardys.Idelia@FauxMail.com,Second Year,PlaceholderStudentImage.png,Approved
Dede,Lindemann,Dede.Lindemann@FauxMail.com,Second Year,PlaceholderStudentImage.png,Approved
Linzy,Lissi,Linzy.Lissi@FauxMail.com,Second Year,PlaceholderStudentImage.png,Not aproved
Fanchon,Warthman,Fanchon.Warthman@FauxMail.com,Second Year,PlaceholderStudentImage.png,Approved
Marita,Franza,Marita.Franza@FauxMail.com,Second Year,PlaceholderStudentImage.png,Approved
Flory,Ummersen,Flory.Ummersen@FauxMail.com,Second Year,PlaceholderStudentImage.png,Approved
Carmela,Calhoun,Carmela.Calhoun@FauxMail.com,Second Year,PlaceholderStudentImage.png,Not aproved
Demetris,Tjon,Demetris.Tjon@FauxMail.com,Second Year,PlaceholderStudentImage.png,Approved
Jolyn,Melleta,Jolyn.Melleta@FauxMail.com,Second Year,PlaceholderStudentImage.png,Not aproved
Gaylene,Greyson,Gaylene.Greyson@FauxMail.com,Second Year,PlaceholderStudentImage.png,Approved
Amii,Magdalen,Amii.Magdalen@FauxMail.com,Second Year,PlaceholderStudentImage.png,Approved
Kara-Lynn,Lacombe,Kara-Lynn.Lacombe@FauxMail.com,Second Year,PlaceholderStudentImage.png,Approved
Wendi,Dimitris,Wendi.Dimitris@FauxMail.com,Second Year,PlaceholderStudentImage.png,Not aproved
Donetta,Robertson,Donetta.Robertson@FauxMail.com,Second Year,PlaceholderStudentImage.png,Not aproved
Aurelie,Auberbach,Aurelie.Auberbach@FauxMail.com,Second Year,PlaceholderStudentImage.png,Approved
Carmela,Martsen,Carmela.Martsen@FauxMail.com,Second Year,PlaceholderStudentImage.png,Not aproved
Kathi,Aprile,Kathi.Aprile@FauxMail.com,Second Year,PlaceholderStudentImage.png,Approved
Aurelie,Joeann,Aurelie.Joeann@FauxMail.com,Second Year,PlaceholderStudentImage.png,Approved
Ketti,Pauly,Ketti.Pauly@FauxMail.com,Second Year,PlaceholderStudentImage.png,Not aproved
Brena,Hachmin,Brena.Hachmin@FauxMail.com,Second Year,PlaceholderStudentImage.png,Approved
Catrina,Wilona,Catrina.Wilona@FauxMail.com,Second Year,PlaceholderStudentImage.png,Approved
Catrina,Barney,Catrina.Barney@FauxMail.com,Second Year,PlaceholderStudentImage.png,Not aproved
Diena,Randene,Diena.Randene@FauxMail.com,Second Year,PlaceholderStudentImage.png,Approved
Dyann,Mike,Dyann.Mike@FauxMail.com,Second Year,PlaceholderStudentImage.png,Approved
Emelina,Means,Emelina.Means@FauxMail.com,Second Year,PlaceholderStudentImage.png,Not aproved
Netty,Shuler,Netty.Shuler@FauxMail.com,Second Year,PlaceholderStudentImage.png,Not aproved
Bettine,Chabot,Bettine.Chabot@FauxMail.com,Second Year,PlaceholderStudentImage.png,Not aproved
Joeann,Wesle,Joeann.Wesle@FauxMail.com,Second Year,PlaceholderStudentImage.png,Not aproved
Susette,Romelda,Susette.Romelda@FauxMail.com,Second Year,PlaceholderStudentImage.png,Approved
Raf,Jess,Raf.Jess@FauxMail.com,Second Year,PlaceholderStudentImage.png,Not aproved
Lilith,Joachim,Lilith.Joachim@FauxMail.com,Second Year,PlaceholderStudentImage.png,Approved
Mireielle,Voletta,Mireielle.Voletta@FauxMail.com,Second Year,PlaceholderStudentImage.png,Approved
Nannie,McAdams,Nannie.McAdams@FauxMail.com,Second Year,PlaceholderStudentImage.png,Not aproved
Willetta,Ferino,Willetta.Ferino@FauxMail.com,Second Year,PlaceholderStudentImage.png,Not aproved
Ketti,Rosalba,Ketti.Rosalba@FauxMail.com,Second Year,PlaceholderStudentImage.png,Not aproved
Rosabelle,Lemuela,Rosabelle.Lemuela@FauxMail.com,Second Year,PlaceholderStudentImage.png,Approved
Keelia,Sammons,Keelia.Sammons@FauxMail.com,Second Year,PlaceholderStudentImage.png,Not aproved
Sheree,Gaal,Sheree.Gaal@FauxMail.com,Second Year,PlaceholderStudentImage.png,Approved
Aigneis,Stilwell,Aigneis.Stilwell@FauxMail.com,Second Year,PlaceholderStudentImage.png,Approved
Maye,Sharl,Maye.Sharl@FauxMail.com,Second Year,PlaceholderStudentImage.png,Not aproved
Deirdre,Huggins,Deirdre.Huggins@FauxMail.com,Second Year,PlaceholderStudentImage.png,Approved
Penelopa,Melony,Penelopa.Melony@FauxMail.com,Second Year,PlaceholderStudentImage.png,Approved
Trixi,Lipson,Trixi.Lipson@FauxMail.com,Second Year,PlaceholderStudentImage.png,Not aproved
Shauna,Barbey,Shauna.Barbey@FauxMail.com,Second Year,PlaceholderStudentImage.png,Not aproved
Arabel,Baudin,Arabel.Baudin@FauxMail.com,Second Year,PlaceholderStudentImage.png,Not aproved
Carilyn,Remmer,Carilyn.Remmer@FauxMail.com,Second Year,PlaceholderStudentImage.png,Not aproved
Rosabelle,Vharat,Rosabelle.Vharat@FauxMail.com,Second Year,PlaceholderStudentImage.png,Approved
Layla,Firmin,Layla.Firmin@FauxMail.com,Second Year,PlaceholderStudentImage.png,Approved
Monika,Valerio,Monika.Valerio@FauxMail.com,Second Year,PlaceholderStudentImage.png,Approved
Dania,Oster,Dania.Oster@FauxMail.com,Second Year,PlaceholderStudentImage.png,Approved
Bernie,Whittaker,Bernie.Whittaker@FauxMail.com,Second Year,PlaceholderStudentImage.png,Approved
Sue,Skurnik,Sue.Skurnik@FauxMail.com,Second Year,PlaceholderStudentImage.png,Not aproved
Zaria,Lia,Zaria.Lia@FauxMail.com,Second Year,PlaceholderStudentImage.png,Approved
Carmela,Lunsford,Carmela.Lunsford@FauxMail.com,Second Year,PlaceholderStudentImage.png,Approved
Jany,Geffner,Jany.Geffner@FauxMail.com,Second Year,PlaceholderStudentImage.png,Not aproved
Cyb,Bluh,Cyb.Bluh@FauxMail.com,Second Year,PlaceholderStudentImage.png,Not aproved
Dede,Luhe,Dede.Luhe@FauxMail.com,Second Year,PlaceholderStudentImage.png,Approved
Carmela,Mehalek,Carmela.Mehalek@FauxMail.com,Second Year,PlaceholderStudentImage.png,Approved
Gianina,Parette,Gianina.Parette@FauxMail.com,Second Year,PlaceholderStudentImage.png,Approved
Catharine,Stefa,Catharine.Stefa@FauxMail.com,Second Year,PlaceholderStudentImage.png,Approved
Annice,Jorgan,Annice.Jorgan@FauxMail.com,Second Year,PlaceholderStudentImage.png,Approved
Jemie,Moseley,Jemie.Moseley@FauxMail.com,Second Year,PlaceholderStudentImage.png,Not aproved
Sibella,Desai,Sibella.Desai@FauxMail.com,Second Year,PlaceholderStudentImage.png,Approved
Adriana,Fitzsimmons,Adriana.Fitzsimmons@FauxMail.com,Second Year,PlaceholderStudentImage.png,Approved
Valeda,Telfer,Valeda.Telfer@FauxMail.com,Second Year,PlaceholderStudentImage.png,Approved
Gilda,Hutchison,Gilda.Hutchison@FauxMail.com,Second Year,PlaceholderStudentImage.png,Not aproved
Merle,Gale,Merle.Gale@FauxMail.com,Second Year,PlaceholderStudentImage.png,Approved
Lauryn,Orelee,Lauryn.Orelee@FauxMail.com,Second Year,PlaceholderStudentImage.png,Approved
Leeanne,Malvino,Leeanne.Malvino@FauxMail.com,Second Year,PlaceholderStudentImage.png,Approved
Jemie,Whiffen,Jemie.Whiffen@FauxMail.com,Second Year,PlaceholderStudentImage.png,Not aproved
Elka,Leffen,Elka.Leffen@FauxMail.com,Second Year,PlaceholderStudentImage.png,Not aproved
Olivette,Riordan,Olivette.Riordan@FauxMail.com,Second Year,PlaceholderStudentImage.png,Not aproved
Steffane,Buffum,Steffane.Buffum@FauxMail.com,Second Year,PlaceholderStudentImage.png,Not aproved
Lucille,Middleton,Lucille.Middleton@FauxMail.com,Second Year,PlaceholderStudentImage.png,Not aproved
Iseabal,Calhoun,Iseabal.Calhoun@FauxMail.com,Second Year,PlaceholderStudentImage.png,Approved
Layla,Emerson,Layla.Emerson@FauxMail.com,Second Year,PlaceholderStudentImage.png,Not aproved
Mireielle,Olin,Mireielle.Olin@FauxMail.com,Second Year,PlaceholderStudentImage.png,Not aproved
Ketti,Billye,Ketti.Billye@FauxMail.com,Second Year,PlaceholderStudentImage.png,Approved
Ivett,Sandye,Ivett.Sandye@FauxMail.com,Second Year,PlaceholderStudentImage.png,Approved
Alyda,Berriman,Alyda.Berriman@FauxMail.com,Second Year,PlaceholderStudentImage.png,Approved
Grier,Maribeth,Grier.Maribeth@FauxMail.com,Second Year,PlaceholderStudentImage.png,Approved
Annaliese,Tufts,Annaliese.Tufts@FauxMail.com,Second Year,PlaceholderStudentImage.png,Approved
Hermione,Koziara,Hermione.Koziara@FauxMail.com,Second Year,PlaceholderStudentImage.png,Approved
Caressa,Brian,Caressa.Brian@FauxMail.com,Second Year,PlaceholderStudentImage.png,Not aproved
Marita,Gabrielli,Marita.Gabrielli@FauxMail.com,Second Year,PlaceholderStudentImage.png,Not aproved
Meg,Burnside,Meg.Burnside@FauxMail.com,Second Year,PlaceholderStudentImage.png,Approved
Candy,Frodi,Candy.Frodi@FauxMail.com,Second Year,PlaceholderStudentImage.png,Approved
Zaria,Anis,Zaria.Anis@FauxMail.com,Second Year,PlaceholderStudentImage.png,Not aproved
Deedee,Bertold,Deedee.Bertold@FauxMail.com,Second Year,PlaceholderStudentImage.png,Approved
Wendi,Toor,Wendi.Toor@FauxMail.com,Second Year,PlaceholderStudentImage.png,Not aproved
Sadie,Howlyn,Sadie.Howlyn@FauxMail.com,Second Year,PlaceholderStudentImage.png,Approved
Louella,Shama,Louella.Shama@FauxMail.com,Second Year,PlaceholderStudentImage.png,Not aproved
Magdalena,Ethban,Magdalena.Ethban@FauxMail.com,Second Year,PlaceholderStudentImage.png,Approved
Kerrin,Noman,Kerrin.Noman@FauxMail.com,Second Year,PlaceholderStudentImage.png,Not aproved
Jan,Byrne,Jan.Byrne@FauxMail.com,Second Year,PlaceholderStudentImage.png,Approved
Mellicent,Wooster,Mellicent.Wooster@FauxMail.com,Second Year,PlaceholderStudentImage.png,Not aproved
Carlie,Audly,Carlie.Audly@FauxMail.com,Second Year,PlaceholderStudentImage.png,Approved
Shirlee,Tayib,Shirlee.Tayib@FauxMail.com,Second Year,PlaceholderStudentImage.png,Not aproved
Madeleine,Forrer,Madeleine.Forrer@FauxMail.com,Second Year,PlaceholderStudentImage.png,Approved
Lanae,Lunsford,Lanae.Lunsford@FauxMail.com,Second Year,PlaceholderStudentImage.png,Approved
Kirstin,Jorgan,Kirstin.Jorgan@FauxMail.com,Second Year,PlaceholderStudentImage.png,Not aproved
Lanna,Karylin,Lanna.Karylin@FauxMail.com,Second Year,PlaceholderStudentImage.png,Approved
Berget,Loring,Berget.Loring@FauxMail.com,Second Year,PlaceholderStudentImage.png,Not aproved
Zia,Yorick,Zia.Yorick@FauxMail.com,Second Year,PlaceholderStudentImage.png,Not aproved
Tilly,Fry,Tilly.Fry@FauxMail.com,Second Year,PlaceholderStudentImage.png,Approved
Marnia,Schlosser,Marnia.Schlosser@FauxMail.com,Second Year,PlaceholderStudentImage.png,Approved
Tybie,Rossner,Tybie.Rossner@FauxMail.com,Second Year,PlaceholderStudentImage.png,Approved
Melodie,Liebermann,Melodie.Liebermann@FauxMail.com,Second Year,PlaceholderStudentImage.png,Not aproved
Merle,Goode,Merle.Goode@FauxMail.com,Second Year,PlaceholderStudentImage.png,Approved
Jsandye,Yorick,Jsandye.Yorick@FauxMail.com,Second Year,PlaceholderStudentImage.png,Not aproved
Sheree,Diann,Sheree.Diann@FauxMail.com,Second Year,PlaceholderStudentImage.png,Not aproved
Corene,Argus,Corene.Argus@FauxMail.com,Second Year,PlaceholderStudentImage.png,Approved
Ethel,Solitta,Ethel.Solitta@FauxMail.com,Second Year,PlaceholderStudentImage.png,Not aproved
Dacia,Dawkins,Dacia.Dawkins@FauxMail.com,Second Year,PlaceholderStudentImage.png,Not aproved
Lorenza,Podvin,Lorenza.Podvin@FauxMail.com,Second Year,PlaceholderStudentImage.png,Not aproved
Alie,Lia,Alie.Lia@FauxMail.com,Second Year,PlaceholderStudentImage.png,Approved
Florencia,Gerge,Florencia.Gerge@FauxMail.com,Second Year,PlaceholderStudentImage.png,Approved
Sissy,Bebe,Sissy.Bebe@FauxMail.com,Second Year,PlaceholderStudentImage.png,Not aproved
Jemie,Marcellus,Jemie.Marcellus@FauxMail.com,Second Year,PlaceholderStudentImage.png,Not aproved
Modestia,Colleen,Modestia.Colleen@FauxMail.com,Second Year,PlaceholderStudentImage.png,Approved
Jillayne,Himelman,Jillayne.Himelman@FauxMail.com,Second Year,PlaceholderStudentImage.png,Not aproved
Luci,Wattenberg,Luci.Wattenberg@FauxMail.com,Second Year,PlaceholderStudentImage.png,Not aproved
Lenna,Myrilla,Lenna.Myrilla@FauxMail.com,Second Year,PlaceholderStudentImage.png,Not aproved
Beverley,Thar,Beverley.Thar@FauxMail.com,Second Year,PlaceholderStudentImage.png,Approved
Jasmina,Argus,Jasmina.Argus@FauxMail.com,Second Year,PlaceholderStudentImage.png,Not aproved
Jan,Aloise,Jan.Aloise@FauxMail.com,Second Year,PlaceholderStudentImage.png,Approved
Anestassia,Sothena,Anestassia.Sothena@FauxMail.com,Second Year,PlaceholderStudentImage.png,Not aproved
Tracey,Dowski,Tracey.Dowski@FauxMail.com,Second Year,PlaceholderStudentImage.png,Approved
Aryn,Oneida,Aryn.Oneida@FauxMail.com,Second Year,PlaceholderStudentImage.png,Approved
Giustina,Syd,Giustina.Syd@FauxMail.com,Second Year,PlaceholderStudentImage.png,Not aproved
Valeda,Adamsen,Valeda.Adamsen@FauxMail.com,Second Year,PlaceholderStudentImage.png,Not aproved
Sibella,Wadell,Sibella.Wadell@FauxMail.com,Second Year,PlaceholderStudentImage.png,Approved
Gavrielle,Jehu,Gavrielle.Jehu@FauxMail.com,Second Year,PlaceholderStudentImage.png,Approved
Cindelyn,Bryna,Cindelyn.Bryna@FauxMail.com,Second Year,PlaceholderStudentImage.png,Approved
Tina,Remmer,Tina.Remmer@FauxMail.com,Second Year,PlaceholderStudentImage.png,Not aproved
Tonia,Ethban,Tonia.Ethban@FauxMail.com,Second Year,PlaceholderStudentImage.png,Not aproved
Roberta,Dearborn,Roberta.Dearborn@FauxMail.com,Second Year,PlaceholderStudentImage.png,Not aproved
Imojean,Longfellow,Imojean.Longfellow@FauxMail.com,Second Year,PlaceholderStudentImage.png,Approved
Julieta,Terencio,Julieta.Terencio@FauxMail.com,Second Year,PlaceholderStudentImage.png,Approved
Marinna,Milde,Marinna.Milde@FauxMail.com,Second Year,PlaceholderStudentImage.png,Not aproved
Anthia,Randene,Anthia.Randene@FauxMail.com,Second Year,PlaceholderStudentImage.png,Approved
Gloria,Shields,Gloria.Shields@FauxMail.com,Second Year,PlaceholderStudentImage.png,Not aproved
Alyda,Randene,Alyda.Randene@FauxMail.com,Second Year,PlaceholderStudentImage.png,Not aproved
Frank,Muriel,Frank.Muriel@FauxMail.com,Second Year,PlaceholderStudentImage.png,Approved
Jobi,Sacken,Jobi.Sacken@FauxMail.com,Second Year,PlaceholderStudentImage.png,Not aproved
Teddie,Annice,Teddie.Annice@FauxMail.com,Second Year,PlaceholderStudentImage.png,Not aproved
Lorie,Jethro,Lorie.Jethro@FauxMail.com,Second Year,PlaceholderStudentImage.png,Not aproved
Ricky,Ellord,Ricky.Ellord@FauxMail.com,Second Year,PlaceholderStudentImage.png,Approved
Marylou,Robertson,Marylou.Robertson@FauxMail.com,Second Year,PlaceholderStudentImage.png,Approved
Dawn,Trey,Dawn.Trey@FauxMail.com,Second Year,PlaceholderStudentImage.png,Approved
Pamella,Kelula,Pamella.Kelula@FauxMail.com,Second Year,PlaceholderStudentImage.png,Not aproved
Wanda,Kare,Wanda.Kare@FauxMail.com,Second Year,PlaceholderStudentImage.png,Approved
Esmeralda,Oneida,Esmeralda.Oneida@FauxMail.com,Second Year,PlaceholderStudentImage.png,Approved
Kerrin,Shanley,Kerrin.Shanley@FauxMail.com,Second Year,PlaceholderStudentImage.png,Approved
Daune,Ardeha,Daune.Ardeha@FauxMail.com,Second Year,PlaceholderStudentImage.png,Approved
Moyna,Tatianas,Moyna.Tatianas@FauxMail.com,Second Year,PlaceholderStudentImage.png,Not aproved
Ardys,Delacourt,Ardys.Delacourt@FauxMail.com,Second Year,PlaceholderStudentImage.png,Approved
Emma,Boehike,Emma.Boehike@FauxMail.com,Second Year,PlaceholderStudentImage.png,Approved
Jaclyn,Ummersen,Jaclyn.Ummersen@FauxMail.com,Second Year,PlaceholderStudentImage.png,Approved
Elena,Zenas,Elena.Zenas@FauxMail.com,Second Year,PlaceholderStudentImage.png,Not aproved
Lulita,Adlare,Lulita.Adlare@FauxMail.com,Second Year,PlaceholderStudentImage.png,Not aproved
Bibby,Kaete,Bibby.Kaete@FauxMail.com,Second Year,PlaceholderStudentImage.png,Approved
Lily,Loring,Lily.Loring@FauxMail.com,Second Year,PlaceholderStudentImage.png,Not aproved
Hannis,Ethban,Hannis.Ethban@FauxMail.com,Second Year,PlaceholderStudentImage.png,Not aproved
Phedra,Primalia,Phedra.Primalia@FauxMail.com,Second Year,PlaceholderStudentImage.png,Not aproved
Janey,Maiah,Janey.Maiah@FauxMail.com,Second Year,PlaceholderStudentImage.png,Approved
Shel,Ellord,Shel.Ellord@FauxMail.com,Second Year,PlaceholderStudentImage.png,Not aproved
Harmonia,Burnside,Harmonia.Burnside@FauxMail.com,Second Year,PlaceholderStudentImage.png,Not aproved
Gilda,Dahlia,Gilda.Dahlia@FauxMail.com,Second Year,PlaceholderStudentImage.png,Not aproved
Margette,Campball,Margette.Campball@FauxMail.com,Second Year,PlaceholderStudentImage.png,Approved
Nelle,Pillsbury,Nelle.Pillsbury@FauxMail.com,Second Year,PlaceholderStudentImage.png,Approved
Esmeralda,Buckler,Esmeralda.Buckler@FauxMail.com,Second Year,PlaceholderStudentImage.png,Not aproved
Dianemarie,Syd,Dianemarie.Syd@FauxMail.com,Second Year,PlaceholderStudentImage.png,Approved
Kristina,Stevy,Kristina.Stevy@FauxMail.com,Second Year,PlaceholderStudentImage.png,Approved
Shirlee,Ummersen,Shirlee.Ummersen@FauxMail.com,Second Year,PlaceholderStudentImage.png,Not aproved
Demetris,Tjon,Demetris.Tjon@FauxMail.com,Second Year,PlaceholderStudentImage.png,Approved
Joleen,Lucienne,Joleen.Lucienne@FauxMail.com,Second Year,PlaceholderStudentImage.png,Approved
Kimmy,Leary,Kimmy.Leary@FauxMail.com,Second Year,PlaceholderStudentImage.png,Not aproved
Raf,Weide,Raf.Weide@FauxMail.com,Second Year,PlaceholderStudentImage.png,Approved
Kerrin,Woodberry,Kerrin.Woodberry@FauxMail.com,Second Year,PlaceholderStudentImage.png,Approved
Lita,Gordon,Lita.Gordon@FauxMail.com,Second Year,PlaceholderStudentImage.png,Approved
Aaren,Lewes,Aaren.Lewes@FauxMail.com,Second Year,PlaceholderStudentImage.png,Approved
Alie,Maribeth,Alie.Maribeth@FauxMail.com,Second Year,PlaceholderStudentImage.png,Approved
Meriel,Chrystel,Meriel.Chrystel@FauxMail.com,Second Year,PlaceholderStudentImage.png,Not aproved
Leia,Corilla,Leia.Corilla@FauxMail.com,Second Year,PlaceholderStudentImage.png,Not aproved
Kary,Roumell,Kary.Roumell@FauxMail.com,Second Year,PlaceholderStudentImage.png,Approved
Ricky,Norvol,Ricky.Norvol@FauxMail.com,Second Year,PlaceholderStudentImage.png,Approved
Danny,Engdahl,Danny.Engdahl@FauxMail.com,Second Year,PlaceholderStudentImage.png,Approved
Keelia,Libna,Keelia.Libna@FauxMail.com,Second Year,PlaceholderStudentImage.png,Approved
Benita,Thunell,Benita.Thunell@FauxMail.com,Second Year,PlaceholderStudentImage.png,Not aproved
Robbi,Vivle,Robbi.Vivle@FauxMail.com,Second Year,PlaceholderStudentImage.png,Not aproved
Sam,Bord,Sam.Bord@FauxMail.com,Second Year,PlaceholderStudentImage.png,Approved
June,Oneida,June.Oneida@FauxMail.com,Second Year,PlaceholderStudentImage.png,Approved
Brooks,Zola,Brooks.Zola@FauxMail.com,Second Year,PlaceholderStudentImage.png,Approved
Basia,Shaddock,Basia.Shaddock@FauxMail.com,Second Year,PlaceholderStudentImage.png,Approved
Rebeca,Brodench,Rebeca.Brodench@FauxMail.com,Third Year,PlaceholderStudentImage.png,Not aproved
Etta,Amasa,Etta.Amasa@FauxMail.com,Third Year,PlaceholderStudentImage.png,Not aproved
Gertrud,Lesley,Gertrud.Lesley@FauxMail.com,Third Year,PlaceholderStudentImage.png,Approved
Layla,Septima,Layla.Septima@FauxMail.com,Third Year,PlaceholderStudentImage.png,Not aproved
Lolita,Saunderson,Lolita.Saunderson@FauxMail.com,Third Year,PlaceholderStudentImage.png,Not aproved
Fredericka,Han,Fredericka.Han@FauxMail.com,Third Year,PlaceholderStudentImage.png,Approved
Kassey,Alice,Kassey.Alice@FauxMail.com,Third Year,PlaceholderStudentImage.png,Approved
Anica,Frendel,Anica.Frendel@FauxMail.com,Third Year,PlaceholderStudentImage.png,Not aproved
Karolina,Anis,Karolina.Anis@FauxMail.com,Third Year,PlaceholderStudentImage.png,Approved
Ann-Marie,Hazlett,Ann-Marie.Hazlett@FauxMail.com,Third Year,PlaceholderStudentImage.png,Not aproved
Shaine,Cookie,Shaine.Cookie@FauxMail.com,Third Year,PlaceholderStudentImage.png,Not aproved
Clary,Bord,Clary.Bord@FauxMail.com,Third Year,PlaceholderStudentImage.png,Not aproved
Elena,Kiyoshi,Elena.Kiyoshi@FauxMail.com,Third Year,PlaceholderStudentImage.png,Approved
Marcelline,Eno,Marcelline.Eno@FauxMail.com,Third Year,PlaceholderStudentImage.png,Not aproved
Elka,Presber,Elka.Presber@FauxMail.com,Third Year,PlaceholderStudentImage.png,Approved
Gabi,Kiersten,Gabi.Kiersten@FauxMail.com,Third Year,PlaceholderStudentImage.png,Not aproved
Binny,Rogerio,Binny.Rogerio@FauxMail.com,Third Year,PlaceholderStudentImage.png,Approved
Tonia,Georgy,Tonia.Georgy@FauxMail.com,Third Year,PlaceholderStudentImage.png,Not aproved
Dari,Colbert,Dari.Colbert@FauxMail.com,Third Year,PlaceholderStudentImage.png,Approved
Evaleen,Iphlgenia,Evaleen.Iphlgenia@FauxMail.com,Third Year,PlaceholderStudentImage.png,Approved
Nicoli,Eugenia,Nicoli.Eugenia@FauxMail.com,Third Year,PlaceholderStudentImage.png,Approved
Alameda,Grayce,Alameda.Grayce@FauxMail.com,Third Year,PlaceholderStudentImage.png,Not aproved
Fanchon,Merriott,Fanchon.Merriott@FauxMail.com,Third Year,PlaceholderStudentImage.png,Not aproved
Ira,Bryna,Ira.Bryna@FauxMail.com,Third Year,PlaceholderStudentImage.png,Not aproved
Emma,Love,Emma.Love@FauxMail.com,Third Year,PlaceholderStudentImage.png,Approved
Sheelagh,Gunn,Sheelagh.Gunn@FauxMail.com,Third Year,PlaceholderStudentImage.png,Not aproved
Raquela,Iaverne,Raquela.Iaverne@FauxMail.com,Third Year,PlaceholderStudentImage.png,Approved
Magdalena,Jammal,Magdalena.Jammal@FauxMail.com,Third Year,PlaceholderStudentImage.png,Not aproved
Jsandye,Cosenza,Jsandye.Cosenza@FauxMail.com,Third Year,PlaceholderStudentImage.png,Not aproved
Alex,Toffic,Alex.Toffic@FauxMail.com,Third Year,PlaceholderStudentImage.png,Not aproved
Adele,Pascia,Adele.Pascia@FauxMail.com,Third Year,PlaceholderStudentImage.png,Not aproved
Jere,Markman,Jere.Markman@FauxMail.com,Third Year,PlaceholderStudentImage.png,Not aproved
Shaylyn,Gaulin,Shaylyn.Gaulin@FauxMail.com,Third Year,PlaceholderStudentImage.png,Not aproved
Rosaline,Deegan,Rosaline.Deegan@FauxMail.com,Third Year,PlaceholderStudentImage.png,Approved
Norine,Melony,Norine.Melony@FauxMail.com,Third Year,PlaceholderStudentImage.png,Approved
Laure,Karylin,Laure.Karylin@FauxMail.com,Third Year,PlaceholderStudentImage.png,Approved
Clary,Nicoline,Clary.Nicoline@FauxMail.com,Third Year,PlaceholderStudentImage.png,Approved
Lilith,Chandler,Lilith.Chandler@FauxMail.com,Third Year,PlaceholderStudentImage.png,Not aproved
Raina,Thar,Raina.Thar@FauxMail.com,Third Year,PlaceholderStudentImage.png,Not aproved
Kary,Faria,Kary.Faria@FauxMail.com,Third Year,PlaceholderStudentImage.png,Approved
Rosaline,Lissi,Rosaline.Lissi@FauxMail.com,Third Year,PlaceholderStudentImage.png,Not aproved
Kimmy,Alexandr,Kimmy.Alexandr@FauxMail.com,Third Year,PlaceholderStudentImage.png,Approved
Meriel,Shields,Meriel.Shields@FauxMail.com,Third Year,PlaceholderStudentImage.png,Not aproved
Lizzie,Geffner,Lizzie.Geffner@FauxMail.com,Third Year,PlaceholderStudentImage.png,Approved
Hope,Maurine,Hope.Maurine@FauxMail.com,Third Year,PlaceholderStudentImage.png,Not aproved
Asia,Ricarda,Asia.Ricarda@FauxMail.com,Third Year,PlaceholderStudentImage.png,Approved
Gale,Tarrant,Gale.Tarrant@FauxMail.com,Third Year,PlaceholderStudentImage.png,Approved
Wileen,Muriel,Wileen.Muriel@FauxMail.com,Third Year,PlaceholderStudentImage.png,Approved
Juliane,Ellord,Juliane.Ellord@FauxMail.com,Third Year,PlaceholderStudentImage.png,Approved
Berget,Dimitris,Berget.Dimitris@FauxMail.com,Third Year,PlaceholderStudentImage.png,Approved
Pierette,Buffum,Pierette.Buffum@FauxMail.com,Third Year,PlaceholderStudentImage.png,Not aproved
Kristina,Wesle,Kristina.Wesle@FauxMail.com,Third Year,PlaceholderStudentImage.png,Not aproved
Valera,Cohdwell,Valera.Cohdwell@FauxMail.com,Third Year,PlaceholderStudentImage.png,Not aproved
Leona,Ariella,Leona.Ariella@FauxMail.com,Third Year,PlaceholderStudentImage.png,Approved
Karena,Tomasina,Karena.Tomasina@FauxMail.com,Third Year,PlaceholderStudentImage.png,Approved
Fina,Lymann,Fina.Lymann@FauxMail.com,Third Year,PlaceholderStudentImage.png,Not aproved
Catrina,Taam,Catrina.Taam@FauxMail.com,Third Year,PlaceholderStudentImage.png,Not aproved
Dianemarie,Tacye,Dianemarie.Tacye@FauxMail.com,Third Year,PlaceholderStudentImage.png,Not aproved
Allis,Kiyoshi,Allis.Kiyoshi@FauxMail.com,Third Year,PlaceholderStudentImage.png,Not aproved
Ottilie,Gualtiero,Ottilie.Gualtiero@FauxMail.com,Third Year,PlaceholderStudentImage.png,Approved
Diena,Codding,Diena.Codding@FauxMail.com,Third Year,PlaceholderStudentImage.png,Approved
Violet,Tamsky,Violet.Tamsky@FauxMail.com,Third Year,PlaceholderStudentImage.png,Approved
Katleen,Zuzana,Katleen.Zuzana@FauxMail.com,Third Year,PlaceholderStudentImage.png,Not aproved
Pollyanna,Martsen,Pollyanna.Martsen@FauxMail.com,Third Year,PlaceholderStudentImage.png,Not aproved
Jasmina,Kylander,Jasmina.Kylander@FauxMail.com,Third Year,PlaceholderStudentImage.png,Approved
Tera,Secrest,Tera.Secrest@FauxMail.com,Third Year,PlaceholderStudentImage.png,Approved
Meriel,Shelba,Meriel.Shelba@FauxMail.com,Third Year,PlaceholderStudentImage.png,Approved
Elvira,Hamil,Elvira.Hamil@FauxMail.com,Third Year,PlaceholderStudentImage.png,Not aproved
Peri,Orlene,Peri.Orlene@FauxMail.com,Third Year,PlaceholderStudentImage.png,Not aproved
Keelia,Brotherson,Keelia.Brotherson@FauxMail.com,Third Year,PlaceholderStudentImage.png,Not aproved
Mara,Nicoline,Mara.Nicoline@FauxMail.com,Third Year,PlaceholderStudentImage.png,Not aproved
Myrtice,Naashom,Myrtice.Naashom@FauxMail.com,Third Year,PlaceholderStudentImage.png,Approved
Nerta,Raul,Nerta.Raul@FauxMail.com,Third Year,PlaceholderStudentImage.png,Approved
Allyce,Lasley,Allyce.Lasley@FauxMail.com,Third Year,PlaceholderStudentImage.png,Approved
Tracey,Narton,Tracey.Narton@FauxMail.com,Third Year,PlaceholderStudentImage.png,Approved
Robbi,Chesna,Robbi.Chesna@FauxMail.com,Third Year,PlaceholderStudentImage.png,Not aproved
Gratia,Glenden,Gratia.Glenden@FauxMail.com,Third Year,PlaceholderStudentImage.png,Not aproved
Jere,Magdalen,Jere.Magdalen@FauxMail.com,Third Year,PlaceholderStudentImage.png,Not aproved
Orelia,Haldas,Orelia.Haldas@FauxMail.com,Third Year,PlaceholderStudentImage.png,Approved
Betta,Abbot,Betta.Abbot@FauxMail.com,Third Year,PlaceholderStudentImage.png,Approved
Rhoda,Halla,Rhoda.Halla@FauxMail.com,Third Year,PlaceholderStudentImage.png,Approved
Stevana,Nester,Stevana.Nester@FauxMail.com,Third Year,PlaceholderStudentImage.png,Approved
Viki,Cottle,Viki.Cottle@FauxMail.com,Third Year,PlaceholderStudentImage.png,Approved
Kellen,Chabot,Kellen.Chabot@FauxMail.com,Third Year,PlaceholderStudentImage.png,Not aproved
Keelia,Ciro,Keelia.Ciro@FauxMail.com,Third Year,PlaceholderStudentImage.png,Approved
Danny,Dudley,Danny.Dudley@FauxMail.com,Third Year,PlaceholderStudentImage.png,Approved
Candi,Krystle,Candi.Krystle@FauxMail.com,Third Year,PlaceholderStudentImage.png,Not aproved
Candy,Alisia,Candy.Alisia@FauxMail.com,Third Year,PlaceholderStudentImage.png,Not aproved
Suzette,Mallon,Suzette.Mallon@FauxMail.com,Third Year,PlaceholderStudentImage.png,Not aproved
Bibby,Richers,Bibby.Richers@FauxMail.com,Third Year,PlaceholderStudentImage.png,Approved
Jacenta,Kylander,Jacenta.Kylander@FauxMail.com,Third Year,PlaceholderStudentImage.png,Not aproved
Teddie,Therine,Teddie.Therine@FauxMail.com,Third Year,PlaceholderStudentImage.png,Not aproved
Viviene,Tamar,Viviene.Tamar@FauxMail.com,Third Year,PlaceholderStudentImage.png,Not aproved
Renae,O'Neill,Renae.O'Neill@FauxMail.com,Third Year,PlaceholderStudentImage.png,Not aproved
Stevana,Fancie,Stevana.Fancie@FauxMail.com,Third Year,PlaceholderStudentImage.png,Not aproved
Alisha,Seessel,Alisha.Seessel@FauxMail.com,Third Year,PlaceholderStudentImage.png,Approved
Gianina,Odell,Gianina.Odell@FauxMail.com,Third Year,PlaceholderStudentImage.png,Approved
Edyth,Yate,Edyth.Yate@FauxMail.com,Third Year,PlaceholderStudentImage.png,Not aproved
Selma,Crudden,Selma.Crudden@FauxMail.com,Third Year,PlaceholderStudentImage.png,Not aproved
Merrie,Hoban,Merrie.Hoban@FauxMail.com,Third Year,PlaceholderStudentImage.png,Approved
Meg,Edee,Meg.Edee@FauxMail.com,Third Year,PlaceholderStudentImage.png,Approved
Kittie,Penelopa,Kittie.Penelopa@FauxMail.com,Third Year,PlaceholderStudentImage.png,Not aproved
Lolita,Kannry,Lolita.Kannry@FauxMail.com,Third Year,PlaceholderStudentImage.png,Not aproved
Wanda,Sallyann,Wanda.Sallyann@FauxMail.com,Third Year,PlaceholderStudentImage.png,Not aproved
Ursulina,Kirstin,Ursulina.Kirstin@FauxMail.com,Third Year,PlaceholderStudentImage.png,Not aproved
Linet,Kosey,Linet.Kosey@FauxMail.com,Third Year,PlaceholderStudentImage.png,Not aproved
Mady,Medrek,Mady.Medrek@FauxMail.com,Third Year,PlaceholderStudentImage.png,Not aproved
Misha,Gerge,Misha.Gerge@FauxMail.com,Third Year,PlaceholderStudentImage.png,Approved
Malina,Ophelia,Malina.Ophelia@FauxMail.com,Third Year,PlaceholderStudentImage.png,Not aproved
Rubie,Tice,Rubie.Tice@FauxMail.com,Third Year,PlaceholderStudentImage.png,Not aproved
Teddie,Melleta,Teddie.Melleta@FauxMail.com,Third Year,PlaceholderStudentImage.png,Approved
Sissy,Olnee,Sissy.Olnee@FauxMail.com,Third Year,PlaceholderStudentImage.png,Not aproved
Emma,Diogenes,Emma.Diogenes@FauxMail.com,Third Year,PlaceholderStudentImage.png,Approved
Belinda,Stuart,Belinda.Stuart@FauxMail.com,Third Year,PlaceholderStudentImage.png,Not aproved
Carilyn,Hunfredo,Carilyn.Hunfredo@FauxMail.com,Third Year,PlaceholderStudentImage.png,Not aproved
Ethel,Hazlett,Ethel.Hazlett@FauxMail.com,Third Year,PlaceholderStudentImage.png,Not aproved
Kristan,Sawtelle,Kristan.Sawtelle@FauxMail.com,Third Year,PlaceholderStudentImage.png,Approved
Karina,Oriana,Karina.Oriana@FauxMail.com,Third Year,PlaceholderStudentImage.png,Approved
Emylee,Krystle,Emylee.Krystle@FauxMail.com,Third Year,PlaceholderStudentImage.png,Approved
Charlena,Eliathas,Charlena.Eliathas@FauxMail.com,Third Year,PlaceholderStudentImage.png,Not aproved
Jeanna,Bahr,Jeanna.Bahr@FauxMail.com,Third Year,PlaceholderStudentImage.png,Approved
Frieda,Beebe,Frieda.Beebe@FauxMail.com,Third Year,PlaceholderStudentImage.png,Approved
Oona,Ader,Oona.Ader@FauxMail.com,Third Year,PlaceholderStudentImage.png,Approved
Mireielle,Arley,Mireielle.Arley@FauxMail.com,Third Year,PlaceholderStudentImage.png,Approved
Eugine,Susannah,Eugine.Susannah@FauxMail.com,Third Year,PlaceholderStudentImage.png,Not aproved
Katleen,Sherrie,Katleen.Sherrie@FauxMail.com,Third Year,PlaceholderStudentImage.png,Not aproved
Madeleine,Erminia,Madeleine.Erminia@FauxMail.com,Third Year,PlaceholderStudentImage.png,Not aproved
Nananne,Celestine,Nananne.Celestine@FauxMail.com,Third Year,PlaceholderStudentImage.png,Not aproved
Joceline,Chaing,Joceline.Chaing@FauxMail.com,Third Year,PlaceholderStudentImage.png,Approved
Alameda,Havens,Alameda.Havens@FauxMail.com,Third Year,PlaceholderStudentImage.png,Approved
Olwen,Johanna,Olwen.Johanna@FauxMail.com,Third Year,PlaceholderStudentImage.png,Approved
Linzy,Lutero,Linzy.Lutero@FauxMail.com,Third Year,PlaceholderStudentImage.png,Not aproved
Belva,Margret,Belva.Margret@FauxMail.com,Third Year,PlaceholderStudentImage.png,Not aproved
Rayna,Kauppi,Rayna.Kauppi@FauxMail.com,Third Year,PlaceholderStudentImage.png,Approved
Edith,Winthorpe,Edith.Winthorpe@FauxMail.com,Third Year,PlaceholderStudentImage.png,Approved
Tressa,Linskey,Tressa.Linskey@FauxMail.com,Third Year,PlaceholderStudentImage.png,Approved
Christy,Carmena,Christy.Carmena@FauxMail.com,Third Year,PlaceholderStudentImage.png,Approved
Henriette,Schroth,Henriette.Schroth@FauxMail.com,Third Year,PlaceholderStudentImage.png,Not aproved
Ermengarde,Beebe,Ermengarde.Beebe@FauxMail.com,Third Year,PlaceholderStudentImage.png,Not aproved
Shauna,Genna,Shauna.Genna@FauxMail.com,Third Year,PlaceholderStudentImage.png,Not aproved
Charissa,Roche,Charissa.Roche@FauxMail.com,Third Year,PlaceholderStudentImage.png,Approved
Neila,Ader,Neila.Ader@FauxMail.com,Third Year,PlaceholderStudentImage.png,Approved
Halette,Bahr,Halette.Bahr@FauxMail.com,Third Year,PlaceholderStudentImage.png,Approved
Eugine,Ashok,Eugine.Ashok@FauxMail.com,Third Year,PlaceholderStudentImage.png,Approved
Gale,Brieta,Gale.Brieta@FauxMail.com,Third Year,PlaceholderStudentImage.png,Approved
Helsa,Raychel,Helsa.Raychel@FauxMail.com,Third Year,PlaceholderStudentImage.png,Not aproved
Annice,Tremayne,Annice.Tremayne@FauxMail.com,Third Year,PlaceholderStudentImage.png,Not aproved
Tobe,Korey,Tobe.Korey@FauxMail.com,Third Year,PlaceholderStudentImage.png,Approved
Valera,Thornburg,Valera.Thornburg@FauxMail.com,Third Year,PlaceholderStudentImage.png,Not aproved
Louella,Riva,Louella.Riva@FauxMail.com,Third Year,PlaceholderStudentImage.png,Not aproved
Lucille,Matthew,Lucille.Matthew@FauxMail.com,Third Year,PlaceholderStudentImage.png,Approved
Gwenneth,Miru,Gwenneth.Miru@FauxMail.com,Third Year,PlaceholderStudentImage.png,Not aproved
Fayre,Persse,Fayre.Persse@FauxMail.com,Third Year,PlaceholderStudentImage.png,Not aproved
Tabbatha,Idelia,Tabbatha.Idelia@FauxMail.com,Third Year,PlaceholderStudentImage.png,Not aproved
Miquela,Iphlgenia,Miquela.Iphlgenia@FauxMail.com,Third Year,PlaceholderStudentImage.png,Approved
Dorice,Pandolfi,Dorice.Pandolfi@FauxMail.com,Third Year,PlaceholderStudentImage.png,Not aproved
Carly,Cohdwell,Carly.Cohdwell@FauxMail.com,Third Year,PlaceholderStudentImage.png,Approved
Calla,Colyer,Calla.Colyer@FauxMail.com,Third Year,PlaceholderStudentImage.png,Not aproved
Kristina,Wadell,Kristina.Wadell@FauxMail.com,Third Year,PlaceholderStudentImage.png,Approved
Darlleen,Cecile,Darlleen.Cecile@FauxMail.com,Third Year,PlaceholderStudentImage.png,Not aproved
Nollie,Bertold,Nollie.Bertold@FauxMail.com,Third Year,PlaceholderStudentImage.png,Not aproved
Paulita,Deegan,Paulita.Deegan@FauxMail.com,Third Year,PlaceholderStudentImage.png,Not aproved
Therine,Johnsson,Therine.Johnsson@FauxMail.com,Third Year,PlaceholderStudentImage.png,Not aproved
Melodie,Seligman,Melodie.Seligman@FauxMail.com,Third Year,PlaceholderStudentImage.png,Not aproved
Shandie,Imelida,Shandie.Imelida@FauxMail.com,Third Year,PlaceholderStudentImage.png,Not aproved
Rosaline,Roche,Rosaline.Roche@FauxMail.com,Third Year,PlaceholderStudentImage.png,Approved
Brietta,Pulsifer,Brietta.Pulsifer@FauxMail.com,Third Year,PlaceholderStudentImage.png,Approved
Jennica,Dudley,Jennica.Dudley@FauxMail.com,Third Year,PlaceholderStudentImage.png,Approved
Norine,Deny,Norine.Deny@FauxMail.com,Third Year,PlaceholderStudentImage.png,Approved
Gavrielle,Payson,Gavrielle.Payson@FauxMail.com,Third Year,PlaceholderStudentImage.png,Not aproved
Alameda,Kendrick,Alameda.Kendrick@FauxMail.com,Third Year,PlaceholderStudentImage.png,Not aproved
Quintina,Lesley,Quintina.Lesley@FauxMail.com,Third Year,PlaceholderStudentImage.png,Approved
Donnie,Morrill,Donnie.Morrill@FauxMail.com,Third Year,PlaceholderStudentImage.png,Not aproved
Johna,Amethist,Johna.Amethist@FauxMail.com,Third Year,PlaceholderStudentImage.png,Not aproved
Marguerite,Hathaway,Marguerite.Hathaway@FauxMail.com,Third Year,PlaceholderStudentImage.png,Approved
Gertrud,Ulphia,Gertrud.Ulphia@FauxMail.com,Third Year,PlaceholderStudentImage.png,Not aproved
Gabriellia,Poll,Gabriellia.Poll@FauxMail.com,Third Year,PlaceholderStudentImage.png,Approved
Janey,Lalitta,Janey.Lalitta@FauxMail.com,Third Year,PlaceholderStudentImage.png,Approved
Pollyanna,An,Pollyanna.An@FauxMail.com,Third Year,PlaceholderStudentImage.png,Approved
Lorne,Ardra,Lorne.Ardra@FauxMail.com,Third Year,PlaceholderStudentImage.png,Not aproved
Tierney,Hepsibah,Tierney.Hepsibah@FauxMail.com,Third Year,PlaceholderStudentImage.png,Not aproved
Mary,Amasa,Mary.Amasa@FauxMail.com,Third Year,PlaceholderStudentImage.png,Not aproved
Shaylyn,Goth,Shaylyn.Goth@FauxMail.com,Third Year,PlaceholderStudentImage.png,Not aproved
Dianemarie,Chapland,Dianemarie.Chapland@FauxMail.com,Third Year,PlaceholderStudentImage.png,Approved
Joceline,Roscoe,Joceline.Roscoe@FauxMail.com,Third Year,PlaceholderStudentImage.png,Not aproved
Raquela,Kolnick,Raquela.Kolnick@FauxMail.com,Third Year,PlaceholderStudentImage.png,Approved
Maye,Wolfgram,Maye.Wolfgram@FauxMail.com,Third Year,PlaceholderStudentImage.png,Not aproved
Correy,Brian,Correy.Brian@FauxMail.com,Third Year,PlaceholderStudentImage.png,Approved
Ira,Santoro,Ira.Santoro@FauxMail.com,Third Year,PlaceholderStudentImage.png,Not aproved
Sabina,Guthrie,Sabina.Guthrie@FauxMail.com,Third Year,PlaceholderStudentImage.png,Approved
Amara,Nance,Amara.Nance@FauxMail.com,Third Year,PlaceholderStudentImage.png,Approved
Cyndie,Jillane,Cyndie.Jillane@FauxMail.com,Third Year,PlaceholderStudentImage.png,Not aproved
Susette,Ashely,Susette.Ashely@FauxMail.com,Third Year,PlaceholderStudentImage.png,Approved
Anallese,Urias,Anallese.Urias@FauxMail.com,Third Year,PlaceholderStudentImage.png,Not aproved
Rebeca,Brittani,Rebeca.Brittani@FauxMail.com,Third Year,PlaceholderStudentImage.png,Approved
Cathyleen,Weide,Cathyleen.Weide@FauxMail.com,Third Year,PlaceholderStudentImage.png,Approved
Violet,Annice,Violet.Annice@FauxMail.com,Third Year,PlaceholderStudentImage.png,Approved
Barbi,Vernier,Barbi.Vernier@FauxMail.com,Third Year,PlaceholderStudentImage.png,Approved
Elsie,Berriman,Elsie.Berriman@FauxMail.com,Third Year,PlaceholderStudentImage.png,Approved
Hermione,Orlene,Hermione.Orlene@FauxMail.com,Third Year,PlaceholderStudentImage.png,Approved
Basia,Regan,Basia.Regan@FauxMail.com,Third Year,PlaceholderStudentImage.png,Approved
Morganica,Silvan,Morganica.Silvan@FauxMail.com,Third Year,PlaceholderStudentImage.png,Approved
Roz,Elisha,Roz.Elisha@FauxMail.com,Third Year,PlaceholderStudentImage.png,Approved
Karlee,Jethro,Karlee.Jethro@FauxMail.com,Third Year,PlaceholderStudentImage.png,Not aproved
Blake,Liebermann,Blake.Liebermann@FauxMail.com,Third Year,PlaceholderStudentImage.png,Approved
Mireielle,Tyson,Mireielle.Tyson@FauxMail.com,Third Year,PlaceholderStudentImage.png,Approved
Vanessa,Even,Vanessa.Even@FauxMail.com,Third Year,PlaceholderStudentImage.png,Not aproved
Oralee,Glenden,Oralee.Glenden@FauxMail.com,Third Year,PlaceholderStudentImage.png,Approved
Constance,Noam,Constance.Noam@FauxMail.com,Third Year,PlaceholderStudentImage.png,Not aproved
Amalie,Glenden,Amalie.Glenden@FauxMail.com,Third Year,PlaceholderStudentImage.png,Approved
Carilyn,Kauppi,Carilyn.Kauppi@FauxMail.com,Third Year,PlaceholderStudentImage.png,Approved
Courtnay,Oneida,Courtnay.Oneida@FauxMail.com,Third Year,PlaceholderStudentImage.png,Not aproved
Carol-Jean,Faro,Carol-Jean.Faro@FauxMail.com,Third Year,PlaceholderStudentImage.png,Not aproved
Lusa,Ball,Lusa.Ball@FauxMail.com,Third Year,PlaceholderStudentImage.png,Not aproved
Sam,Gunn,Sam.Gunn@FauxMail.com,Third Year,PlaceholderStudentImage.png,Not aproved
Carolina,Scammon,Carolina.Scammon@FauxMail.com,Third Year,PlaceholderStudentImage.png,Approved
Isa,Nicoline,Isa.Nicoline@FauxMail.com,Third Year,PlaceholderStudentImage.png,Not aproved
Jsandye,Trey,Jsandye.Trey@FauxMail.com,Third Year,PlaceholderStudentImage.png,Approved
Jan,Boehike,Jan.Boehike@FauxMail.com,Third Year,PlaceholderStudentImage.png,Not aproved
Calla,Vilma,Calla.Vilma@FauxMail.com,Third Year,PlaceholderStudentImage.png,Not aproved
Anestassia,Munn,Anestassia.Munn@FauxMail.com,Third Year,PlaceholderStudentImage.png,Not aproved
Olwen,Dowski,Olwen.Dowski@FauxMail.com,Third Year,PlaceholderStudentImage.png,Approved
Kirbee,Heisel,Kirbee.Heisel@FauxMail.com,Third Year,PlaceholderStudentImage.png,Approved
Kara-Lynn,Stav,Kara-Lynn.Stav@FauxMail.com,Third Year,PlaceholderStudentImage.png,Not aproved
Annabela,Urania,Annabela.Urania@FauxMail.com,Third Year,PlaceholderStudentImage.png,Approved
Lucy,Yate,Lucy.Yate@FauxMail.com,Third Year,PlaceholderStudentImage.png,Not aproved
Nannie,Rosemary,Nannie.Rosemary@FauxMail.com,Third Year,PlaceholderStudentImage.png,Not aproved
Josephine,Haerr,Josephine.Haerr@FauxMail.com,Third Year,PlaceholderStudentImage.png,Approved
Lucy,Sammons,Lucy.Sammons@FauxMail.com,Third Year,PlaceholderStudentImage.png,Not aproved
Sashenka,Deegan,Sashenka.Deegan@FauxMail.com,Third Year,PlaceholderStudentImage.png,Not aproved
Wynne,Edee,Wynne.Edee@FauxMail.com,Third Year,PlaceholderStudentImage.png,Approved
Leona,Pierette,Leona.Pierette@FauxMail.com,Third Year,PlaceholderStudentImage.png,Not aproved
Dorice,Tarrant,Dorice.Tarrant@FauxMail.com,Third Year,PlaceholderStudentImage.png,Approved
Lucy,Maples,Lucy.Maples@FauxMail.com,Third Year,PlaceholderStudentImage.png,Approved
Janis,Pacorro,Janis.Pacorro@FauxMail.com,Third Year,PlaceholderStudentImage.png,Not aproved
Amara,Bethany,Amara.Bethany@FauxMail.com,Third Year,PlaceholderStudentImage.png,Approved
Tatiania,Aldric,Tatiania.Aldric@FauxMail.com,Third Year,PlaceholderStudentImage.png,Not aproved
Juliane,Regan,Juliane.Regan@FauxMail.com,Third Year,PlaceholderStudentImage.png,Approved
Fina,Isidore,Fina.Isidore@FauxMail.com,Third Year,PlaceholderStudentImage.png,Approved
Asia,Braun,Asia.Braun@FauxMail.com,Third Year,PlaceholderStudentImage.png,Approved
Althea,Uund,Althea.Uund@FauxMail.com,Third Year,PlaceholderStudentImage.png,Not aproved
Shirlee,Bandeen,Shirlee.Bandeen@FauxMail.com,Third Year,PlaceholderStudentImage.png,Approved
Caressa,Brunell,Caressa.Brunell@FauxMail.com,Third Year,PlaceholderStudentImage.png,Approved
Andree,Hessler,Andree.Hessler@FauxMail.com,Third Year,PlaceholderStudentImage.png,Not aproved
Rochette,O'Neill,Rochette.O'Neill@FauxMail.com,Third Year,PlaceholderStudentImage.png,Not aproved
Sindee,Dominy,Sindee.Dominy@FauxMail.com,Third Year,PlaceholderStudentImage.png,Approved
Rhea,Burnside,Rhea.Burnside@FauxMail.com,Third Year,PlaceholderStudentImage.png,Not aproved
Calla,Holtz,Calla.Holtz@FauxMail.com,Third Year,PlaceholderStudentImage.png,Approved
Courtnay,Dom,Courtnay.Dom@FauxMail.com,Third Year,PlaceholderStudentImage.png,Not aproved
Andree,Vale,Andree.Vale@FauxMail.com,Third Year,PlaceholderStudentImage.png,Approved
Chandra,Silvan,Chandra.Silvan@FauxMail.com,Fourth Year,PlaceholderStudentImage.png,Not aproved
Corly,Amadas,Corly.Amadas@FauxMail.com,Fourth Year,PlaceholderStudentImage.png,Approved
Vonny,Lia,Vonny.Lia@FauxMail.com,Fourth Year,PlaceholderStudentImage.png,Approved
Tobe,Center,Tobe.Center@FauxMail.com,Fourth Year,PlaceholderStudentImage.png,Approved
Pearline,Charmine,Pearline.Charmine@FauxMail.com,Fourth Year,PlaceholderStudentImage.png,Approved
Basia,Gerge,Basia.Gerge@FauxMail.com,Fourth Year,PlaceholderStudentImage.png,Approved
Margarette,Rubie,Margarette.Rubie@FauxMail.com,Fourth Year,PlaceholderStudentImage.png,Approved
Quintina,Yerkovich,Quintina.Yerkovich@FauxMail.com,Fourth Year,PlaceholderStudentImage.png,Approved
Nananne,Cath,Nananne.Cath@FauxMail.com,Fourth Year,PlaceholderStudentImage.png,Approved
Carolina,Seagraves,Carolina.Seagraves@FauxMail.com,Fourth Year,PlaceholderStudentImage.png,Approved
Allis,Faso,Allis.Faso@FauxMail.com,Fourth Year,PlaceholderStudentImage.png,Not aproved
Hayley,Jeanne,Hayley.Jeanne@FauxMail.com,Fourth Year,PlaceholderStudentImage.png,Not aproved
Aurore,Drus,Aurore.Drus@FauxMail.com,Fourth Year,PlaceholderStudentImage.png,Not aproved
Grier,Drisko,Grier.Drisko@FauxMail.com,Fourth Year,PlaceholderStudentImage.png,Approved
Deane,Poll,Deane.Poll@FauxMail.com,Fourth Year,PlaceholderStudentImage.png,Approved
Sindee,Charmine,Sindee.Charmine@FauxMail.com,Fourth Year,PlaceholderStudentImage.png,Approved
Ariela,Zeeba,Ariela.Zeeba@FauxMail.com,Fourth Year,PlaceholderStudentImage.png,Approved
Roberta,Argus,Roberta.Argus@FauxMail.com,Fourth Year,PlaceholderStudentImage.png,Not aproved
Tersina,Munn,Tersina.Munn@FauxMail.com,Fourth Year,PlaceholderStudentImage.png,Approved
Clary,Trey,Clary.Trey@FauxMail.com,Fourth Year,PlaceholderStudentImage.png,Not aproved
Reeba,Montgomery,Reeba.Montgomery@FauxMail.com,Fourth Year,PlaceholderStudentImage.png,Approved
Vere,Wu,Vere.Wu@FauxMail.com,Fourth Year,PlaceholderStudentImage.png,Not aproved
Jasmina,Couture,Jasmina.Couture@FauxMail.com,Fourth Year,PlaceholderStudentImage.png,Not aproved
Meg,Shields,Meg.Shields@FauxMail.com,Fourth Year,PlaceholderStudentImage.png,Not aproved
Belva,Kolnick,Belva.Kolnick@FauxMail.com,Fourth Year,PlaceholderStudentImage.png,Approved
Marnia,Audly,Marnia.Audly@FauxMail.com,Fourth Year,PlaceholderStudentImage.png,Approved
Gusella,Gilbertson,Gusella.Gilbertson@FauxMail.com,Fourth Year,PlaceholderStudentImage.png,Approved
Valera,Gunn,Valera.Gunn@FauxMail.com,Fourth Year,PlaceholderStudentImage.png,Not aproved
Gilda,Selway,Gilda.Selway@FauxMail.com,Fourth Year,PlaceholderStudentImage.png,Approved
Roz,Dimitris,Roz.Dimitris@FauxMail.com,Fourth Year,PlaceholderStudentImage.png,Approved
Kathy,Bohlin,Kathy.Bohlin@FauxMail.com,Fourth Year,PlaceholderStudentImage.png,Not aproved
Konstance,Hieronymus,Konstance.Hieronymus@FauxMail.com,Fourth Year,PlaceholderStudentImage.png,Approved
Babita,Stacy,Babita.Stacy@FauxMail.com,Fourth Year,PlaceholderStudentImage.png,Not aproved
Aimil,Fitzsimmons,Aimil.Fitzsimmons@FauxMail.com,Fourth Year,PlaceholderStudentImage.png,Not aproved
Glynnis,Alice,Glynnis.Alice@FauxMail.com,Fourth Year,PlaceholderStudentImage.png,Not aproved
Desirae,Raama,Desirae.Raama@FauxMail.com,Fourth Year,PlaceholderStudentImage.png,Approved
Shannah,Gwenore,Shannah.Gwenore@FauxMail.com,Fourth Year,PlaceholderStudentImage.png,Not aproved
Lita,Ulphia,Lita.Ulphia@FauxMail.com,Fourth Year,PlaceholderStudentImage.png,Approved
Rozele,Ferino,Rozele.Ferino@FauxMail.com,Fourth Year,PlaceholderStudentImage.png,Approved
Demetris,Bobbee,Demetris.Bobbee@FauxMail.com,Fourth Year,PlaceholderStudentImage.png,Not aproved
Nadine,Louanna,Nadine.Louanna@FauxMail.com,Fourth Year,PlaceholderStudentImage.png,Approved
Gabriellia,Sperling,Gabriellia.Sperling@FauxMail.com,Fourth Year,PlaceholderStudentImage.png,Approved
Jackie,Tjon,Jackie.Tjon@FauxMail.com,Fourth Year,PlaceholderStudentImage.png,Approved
Brena,Gavrila,Brena.Gavrila@FauxMail.com,Fourth Year,PlaceholderStudentImage.png,Not aproved
Gwenneth,Monaco,Gwenneth.Monaco@FauxMail.com,Fourth Year,PlaceholderStudentImage.png,Approved
Latisha,Dyche,Latisha.Dyche@FauxMail.com,Fourth Year,PlaceholderStudentImage.png,Not aproved
Charlena,Alrich,Charlena.Alrich@FauxMail.com,Fourth Year,PlaceholderStudentImage.png,Approved
Hermione,Aaberg,Hermione.Aaberg@FauxMail.com,Fourth Year,PlaceholderStudentImage.png,Not aproved
Hope,Avi,Hope.Avi@FauxMail.com,Fourth Year,PlaceholderStudentImage.png,Not aproved
Dotty,Hartnett,Dotty.Hartnett@FauxMail.com,Fourth Year,PlaceholderStudentImage.png,Approved
Nannie,Lane,Nannie.Lane@FauxMail.com,Fourth Year,PlaceholderStudentImage.png,Not aproved
Rosanne,Auberbach,Rosanne.Auberbach@FauxMail.com,Fourth Year,PlaceholderStudentImage.png,Approved
Marylou,Swigart,Marylou.Swigart@FauxMail.com,Fourth Year,PlaceholderStudentImage.png,Not aproved
Sissy,Mintz,Sissy.Mintz@FauxMail.com,Fourth Year,PlaceholderStudentImage.png,Approved
Wynne,Christal,Wynne.Christal@FauxMail.com,Fourth Year,PlaceholderStudentImage.png,Not aproved
Henriette,Morgun,Henriette.Morgun@FauxMail.com,Fourth Year,PlaceholderStudentImage.png,Not aproved
Concettina,Dorothy,Concettina.Dorothy@FauxMail.com,Fourth Year,PlaceholderStudentImage.png,Not aproved
Isa,Nickola,Isa.Nickola@FauxMail.com,Fourth Year,PlaceholderStudentImage.png,Not aproved
Katleen,Winnick,Katleen.Winnick@FauxMail.com,Fourth Year,PlaceholderStudentImage.png,Approved
Linet,Japeth,Linet.Japeth@FauxMail.com,Fourth Year,PlaceholderStudentImage.png,Approved
Sonni,Taima,Sonni.Taima@FauxMail.com,Fourth Year,PlaceholderStudentImage.png,Not aproved
Margette,Posner,Margette.Posner@FauxMail.com,Fourth Year,PlaceholderStudentImage.png,Approved
Hollie,Boehike,Hollie.Boehike@FauxMail.com,Fourth Year,PlaceholderStudentImage.png,Approved
Ekaterina,Phyllis,Ekaterina.Phyllis@FauxMail.com,Fourth Year,PlaceholderStudentImage.png,Not aproved
Vonny,Vivle,Vonny.Vivle@FauxMail.com,Fourth Year,PlaceholderStudentImage.png,Not aproved
Winny,Arne,Winny.Arne@FauxMail.com,Fourth Year,PlaceholderStudentImage.png,Not aproved
Ida,Erich,Ida.Erich@FauxMail.com,Fourth Year,PlaceholderStudentImage.png,Not aproved
Blake,Glovsky,Blake.Glovsky@FauxMail.com,Fourth Year,PlaceholderStudentImage.png,Approved
Lisette,Lanita,Lisette.Lanita@FauxMail.com,Fourth Year,PlaceholderStudentImage.png,Approved
Mureil,Bigner,Mureil.Bigner@FauxMail.com,Fourth Year,PlaceholderStudentImage.png,Not aproved
Melanie,Jacqui,Melanie.Jacqui@FauxMail.com,Fourth Year,PlaceholderStudentImage.png,Not aproved
Gwenneth,Sisile,Gwenneth.Sisile@FauxMail.com,Fourth Year,PlaceholderStudentImage.png,Not aproved
Maye,Fleeta,Maye.Fleeta@FauxMail.com,Fourth Year,PlaceholderStudentImage.png,Approved
Adore,Toor,Adore.Toor@FauxMail.com,Fourth Year,PlaceholderStudentImage.png,Not aproved
Hannis,Peg,Hannis.Peg@FauxMail.com,Fourth Year,PlaceholderStudentImage.png,Approved
Gui,Laverne,Gui.Laverne@FauxMail.com,Fourth Year,PlaceholderStudentImage.png,Not aproved
Cordi,Radu,Cordi.Radu@FauxMail.com,Fourth Year,PlaceholderStudentImage.png,Not aproved
Marylou,Grosz,Marylou.Grosz@FauxMail.com,Fourth Year,PlaceholderStudentImage.png,Not aproved
Aubrie,Wareing,Aubrie.Wareing@FauxMail.com,Fourth Year,PlaceholderStudentImage.png,Approved
Nonnah,Shelba,Nonnah.Shelba@FauxMail.com,Fourth Year,PlaceholderStudentImage.png,Approved
Nataline,Daveta,Nataline.Daveta@FauxMail.com,Fourth Year,PlaceholderStudentImage.png,Approved
Daphne,Gemini,Daphne.Gemini@FauxMail.com,Fourth Year,PlaceholderStudentImage.png,Not aproved
Gabi,Gaal,Gabi.Gaal@FauxMail.com,Fourth Year,PlaceholderStudentImage.png,Approved
Jackie,Pearse,Jackie.Pearse@FauxMail.com,Fourth Year,PlaceholderStudentImage.png,Not aproved
Sarette,Gamaliel,Sarette.Gamaliel@FauxMail.com,Fourth Year,PlaceholderStudentImage.png,Approved
Olivette,Secrest,Olivette.Secrest@FauxMail.com,Fourth Year,PlaceholderStudentImage.png,Not aproved
Mady,Garlinda,Mady.Garlinda@FauxMail.com,Fourth Year,PlaceholderStudentImage.png,Not aproved
Zsa Zsa,Meli,Zsa Zsa.Meli@FauxMail.com,Fourth Year,PlaceholderStudentImage.png,Not aproved
Celisse,Erich,Celisse.Erich@FauxMail.com,Fourth Year,PlaceholderStudentImage.png,Not aproved
Allis,Payson,Allis.Payson@FauxMail.com,Fourth Year,PlaceholderStudentImage.png,Not aproved
Ninnetta,Claudine,Ninnetta.Claudine@FauxMail.com,Fourth Year,PlaceholderStudentImage.png,Not aproved
Ira,Vastah,Ira.Vastah@FauxMail.com,Fourth Year,PlaceholderStudentImage.png,Not aproved
Charlena,McCutcheon,Charlena.McCutcheon@FauxMail.com,Fourth Year,PlaceholderStudentImage.png,Not aproved
Raquela,Madaih,Raquela.Madaih@FauxMail.com,Fourth Year,PlaceholderStudentImage.png,Approved
Gisela,Seumas,Gisela.Seumas@FauxMail.com,Fourth Year,PlaceholderStudentImage.png,Not aproved
Margette,Bari,Margette.Bari@FauxMail.com,Fourth Year,PlaceholderStudentImage.png,Approved
Tori,Nahum,Tori.Nahum@FauxMail.com,Fourth Year,PlaceholderStudentImage.png,Approved
Rebeca,Eben,Rebeca.Eben@FauxMail.com,Fourth Year,PlaceholderStudentImage.png,Approved
Tabbatha,Liva,Tabbatha.Liva@FauxMail.com,Fourth Year,PlaceholderStudentImage.png,Not aproved
Odessa,Dearborn,Odessa.Dearborn@FauxMail.com,Fourth Year,PlaceholderStudentImage.png,Not aproved
Coral,Morehouse,Coral.Morehouse@FauxMail.com,Fourth Year,PlaceholderStudentImage.png,Not aproved
Paule,Raffo,Paule.Raffo@FauxMail.com,Fourth Year,PlaceholderStudentImage.png,Not aproved
Ernesta,Drisko,Ernesta.Drisko@FauxMail.com,Fourth Year,PlaceholderStudentImage.png,Approved
Alisha,Grosz,Alisha.Grosz@FauxMail.com,Fourth Year,PlaceholderStudentImage.png,Not aproved
Mellicent,Saint,Mellicent.Saint@FauxMail.com,Fourth Year,PlaceholderStudentImage.png,Approved
Louella,Maisey,Louella.Maisey@FauxMail.com,Fourth Year,PlaceholderStudentImage.png,Not aproved
Desirae,Poppy,Desirae.Poppy@FauxMail.com,Fourth Year,PlaceholderStudentImage.png,Approved
Kaja,Ackerley,Kaja.Ackerley@FauxMail.com,Fourth Year,PlaceholderStudentImage.png,Approved
Elie,Malina,Elie.Malina@FauxMail.com,Fourth Year,PlaceholderStudentImage.png,Approved
Robinia,Cookie,Robinia.Cookie@FauxMail.com,Fourth Year,PlaceholderStudentImage.png,Approved
Perry,Anderea,Perry.Anderea@FauxMail.com,Fourth Year,PlaceholderStudentImage.png,Approved
Ursulina,Cath,Ursulina.Cath@FauxMail.com,Fourth Year,PlaceholderStudentImage.png,Approved
Keelia,Gaal,Keelia.Gaal@FauxMail.com,Fourth Year,PlaceholderStudentImage.png,Approved
Lily,Masao,Lily.Masao@FauxMail.com,Fourth Year,PlaceholderStudentImage.png,Not aproved
Gabriellia,Reinke,Gabriellia.Reinke@FauxMail.com,Fourth Year,PlaceholderStudentImage.png,Approved
Odessa,Couture,Odessa.Couture@FauxMail.com,Fourth Year,PlaceholderStudentImage.png,Not aproved
Margarette,Moseley,Margarette.Moseley@FauxMail.com,Fourth Year,PlaceholderStudentImage.png,Approved
Zia,Byrne,Zia.Byrne@FauxMail.com,Fourth Year,PlaceholderStudentImage.png,Approved
Lizzie,Longfellow,Lizzie.Longfellow@FauxMail.com,Fourth Year,PlaceholderStudentImage.png,Not aproved
Keelia,Decato,Keelia.Decato@FauxMail.com,Fourth Year,PlaceholderStudentImage.png,Not aproved
Winny,Agle,Winny.Agle@FauxMail.com,Fourth Year,PlaceholderStudentImage.png,Approved
Annecorinne,Bashemeth,Annecorinne.Bashemeth@FauxMail.com,Fourth Year,PlaceholderStudentImage.png,Approved
Georgetta,Estella,Georgetta.Estella@FauxMail.com,Fourth Year,PlaceholderStudentImage.png,Not aproved
Madelle,Maribeth,Madelle.Maribeth@FauxMail.com,Fourth Year,PlaceholderStudentImage.png,Not aproved
Wilma,Ashely,Wilma.Ashely@FauxMail.com,Fourth Year,PlaceholderStudentImage.png,Approved
Bee,Sandye,Bee.Sandye@FauxMail.com,Fourth Year,PlaceholderStudentImage.png,Not aproved
Kirbee,Greenwald,Kirbee.Greenwald@FauxMail.com,Fourth Year,PlaceholderStudentImage.png,Not aproved
Joane,Stelle,Joane.Stelle@FauxMail.com,Fourth Year,PlaceholderStudentImage.png,Not aproved
Rosabelle,Wadell,Rosabelle.Wadell@FauxMail.com,Fourth Year,PlaceholderStudentImage.png,Not aproved
Arabel,Ferrell,Arabel.Ferrell@FauxMail.com,Fourth Year,PlaceholderStudentImage.png,Approved
Veda,Sothena,Veda.Sothena@FauxMail.com,Fourth Year,PlaceholderStudentImage.png,Approved
Arlina,Poll,Arlina.Poll@FauxMail.com,Fourth Year,PlaceholderStudentImage.png,Not aproved
Beth,Harriman,Beth.Harriman@FauxMail.com,Fourth Year,PlaceholderStudentImage.png,Not aproved
Ericka,Skurnik,Ericka.Skurnik@FauxMail.com,Fourth Year,PlaceholderStudentImage.png,Not aproved
Fanchon,Knowling,Fanchon.Knowling@FauxMail.com,Fourth Year,PlaceholderStudentImage.png,Not aproved
Cherrita,Sacken,Cherrita.Sacken@FauxMail.com,Fourth Year,PlaceholderStudentImage.png,Approved
Coral,Meli,Coral.Meli@FauxMail.com,Fourth Year,PlaceholderStudentImage.png,Not aproved
Devina,Izaak,Devina.Izaak@FauxMail.com,Fourth Year,PlaceholderStudentImage.png,Not aproved
Tobe,Johanna,Tobe.Johanna@FauxMail.com,Fourth Year,PlaceholderStudentImage.png,Approved
Paule,Whittaker,Paule.Whittaker@FauxMail.com,Fourth Year,PlaceholderStudentImage.png,Approved
Ardenia,Arquit,Ardenia.Arquit@FauxMail.com,Fourth Year,PlaceholderStudentImage.png,Not aproved
Cordi,Bonilla,Cordi.Bonilla@FauxMail.com,Fourth Year,PlaceholderStudentImage.png,Approved
Delilah,Woodberry,Delilah.Woodberry@FauxMail.com,Fourth Year,PlaceholderStudentImage.png,Not aproved
Althea,Felizio,Althea.Felizio@FauxMail.com,Fourth Year,PlaceholderStudentImage.png,Not aproved
Almeta,Japeth,Almeta.Japeth@FauxMail.com,Fourth Year,PlaceholderStudentImage.png,Not aproved
Cassondra,Diogenes,Cassondra.Diogenes@FauxMail.com,Fourth Year,PlaceholderStudentImage.png,Approved
Linet,Gordon,Linet.Gordon@FauxMail.com,Fourth Year,PlaceholderStudentImage.png,Approved
Clarice,Billye,Clarice.Billye@FauxMail.com,Fourth Year,PlaceholderStudentImage.png,Not aproved
Henriette,Kat,Henriette.Kat@FauxMail.com,Fourth Year,PlaceholderStudentImage.png,Approved
Mahalia,Claudine,Mahalia.Claudine@FauxMail.com,Fourth Year,PlaceholderStudentImage.png,Approved
Elena,Roxanna,Elena.Roxanna@FauxMail.com,Fourth Year,PlaceholderStudentImage.png,Approved
Marline,Macey,Marline.Macey@FauxMail.com,Fourth Year,PlaceholderStudentImage.png,Approved
Verla,Gino,Verla.Gino@FauxMail.com,Fourth Year,PlaceholderStudentImage.png,Not aproved
Luci,Fleeta,Luci.Fleeta@FauxMail.com,Fourth Year,PlaceholderStudentImage.png,Not aproved
Carilyn,Bates,Carilyn.Bates@FauxMail.com,Fourth Year,PlaceholderStudentImage.png,Not aproved
Ileana,Therine,Ileana.Therine@FauxMail.com,Fourth Year,PlaceholderStudentImage.png,Approved
Charmaine,Iphlgenia,Charmaine.Iphlgenia@FauxMail.com,Fourth Year,PlaceholderStudentImage.png,Approved
Jolyn,Zenas,Jolyn.Zenas@FauxMail.com,Fourth Year,PlaceholderStudentImage.png,Approved
Bernie,Suanne,Bernie.Suanne@FauxMail.com,Fourth Year,PlaceholderStudentImage.png,Not aproved
Dorice,Tremayne,Dorice.Tremayne@FauxMail.com,Fourth Year,PlaceholderStudentImage.png,Not aproved
Brandise,Ashely,Brandise.Ashely@FauxMail.com,Fourth Year,PlaceholderStudentImage.png,Approved
Fred,Japeth,Fred.Japeth@FauxMail.com,Fourth Year,PlaceholderStudentImage.png,Approved
Selia,Faria,Selia.Faria@FauxMail.com,Fourth Year,PlaceholderStudentImage.png,Approved
Anestassia,Yoko,Anestassia.Yoko@FauxMail.com,Fourth Year,PlaceholderStudentImage.png,Approved
Maryellen,Nester,Maryellen.Nester@FauxMail.com,Fourth Year,PlaceholderStudentImage.png,Approved
Gaylene,Radu,Gaylene.Radu@FauxMail.com,Fourth Year,PlaceholderStudentImage.png,Approved
Tobe,Hutchison,Tobe.Hutchison@FauxMail.com,Fourth Year,PlaceholderStudentImage.png,Not aproved
Misha,Fax,Misha.Fax@FauxMail.com,Fourth Year,PlaceholderStudentImage.png,Approved
Agathe,Smitt,Agathe.Smitt@FauxMail.com,Fourth Year,PlaceholderStudentImage.png,Approved
Viviene,Carlson,Viviene.Carlson@FauxMail.com,Fourth Year,PlaceholderStudentImage.png,Not aproved
Vita,Toni,Vita.Toni@FauxMail.com,Fourth Year,PlaceholderStudentImage.png,Approved
Vanessa,Fink,Vanessa.Fink@FauxMail.com,Fourth Year,PlaceholderStudentImage.png,Not aproved
Yolane,Nore,Yolane.Nore@FauxMail.com,Fourth Year,PlaceholderStudentImage.png,Not aproved
Joane,Lytton,Joane.Lytton@FauxMail.com,Fourth Year,PlaceholderStudentImage.png,Not aproved
Odessa,Fiester,Odessa.Fiester@FauxMail.com,Fourth Year,PlaceholderStudentImage.png,Not aproved
Calla,Creamer,Calla.Creamer@FauxMail.com,Fourth Year,PlaceholderStudentImage.png,Approved
Augustine,Jethro,Augustine.Jethro@FauxMail.com,Fourth Year,PlaceholderStudentImage.png,Approved
Nicoli,Willie,Nicoli.Willie@FauxMail.com,Fourth Year,PlaceholderStudentImage.png,Not aproved
Marika,Himelman,Marika.Himelman@FauxMail.com,Fourth Year,PlaceholderStudentImage.png,Approved
Gloria,Durante,Gloria.Durante@FauxMail.com,Fourth Year,PlaceholderStudentImage.png,Not aproved
Ezmeralda,Shelba,Ezmeralda.Shelba@FauxMail.com,Fourth Year,PlaceholderStudentImage.png,Approved
Dale,Carey,Dale.Carey@FauxMail.com,Fourth Year,PlaceholderStudentImage.png,Not aproved
Adelle,Kellby,Adelle.Kellby@FauxMail.com,Fourth Year,PlaceholderStudentImage.png,Not aproved
Isa,Sparhawk,Isa.Sparhawk@FauxMail.com,Fourth Year,PlaceholderStudentImage.png,Not aproved
Nananne,Obed,Nananne.Obed@FauxMail.com,Fourth Year,PlaceholderStudentImage.png,Approved
Madelle,Cookie,Madelle.Cookie@FauxMail.com,Fourth Year,PlaceholderStudentImage.png,Approved
Rebeca,Khorma,Rebeca.Khorma@FauxMail.com,Fourth Year,PlaceholderStudentImage.png,Approved
Corry,Screens,Corry.Screens@FauxMail.com,Fourth Year,PlaceholderStudentImage.png,Not aproved
Minda,Mehalek,Minda.Mehalek@FauxMail.com,Fourth Year,PlaceholderStudentImage.png,Approved
Atlanta,Alarise,Atlanta.Alarise@FauxMail.com,Fourth Year,PlaceholderStudentImage.png,Not aproved
Melodie,Pozzy,Melodie.Pozzy@FauxMail.com,Fourth Year,PlaceholderStudentImage.png,Approved
Sandie,Catie,Sandie.Catie@FauxMail.com,Fourth Year,PlaceholderStudentImage.png,Approved
Fredericka,Borrell,Fredericka.Borrell@FauxMail.com,Fourth Year,PlaceholderStudentImage.png,Approved
Alyssa,Wenoa,Alyssa.Wenoa@FauxMail.com,Fourth Year,PlaceholderStudentImage.png,Not aproved
Minne,Whiffen,Minne.Whiffen@FauxMail.com,Fourth Year,PlaceholderStudentImage.png,Not aproved
Sara-Ann,Eiser,Sara-Ann.Eiser@FauxMail.com,Fourth Year,PlaceholderStudentImage.png,Approved
Henriette,Wu,Henriette.Wu@FauxMail.com,Fourth Year,PlaceholderStudentImage.png,Not aproved
Gerrie,Dannye,Gerrie.Dannye@FauxMail.com,Fourth Year,PlaceholderStudentImage.png,Approved
Albertina,Trey,Albertina.Trey@FauxMail.com,Fourth Year,PlaceholderStudentImage.png,Approved
Gabi,Demitria,Gabi.Demitria@FauxMail.com,Fourth Year,PlaceholderStudentImage.png,Approved
Ilse,Rooney,Ilse.Rooney@FauxMail.com,Fourth Year,PlaceholderStudentImage.png,Approved
Elka,Jess,Elka.Jess@FauxMail.com,Fourth Year,PlaceholderStudentImage.png,Not aproved
Dorothy,Kravits,Dorothy.Kravits@FauxMail.com,Fourth Year,PlaceholderStudentImage.png,Approved
Ashlee,Eiser,Ashlee.Eiser@FauxMail.com,Fourth Year,PlaceholderStudentImage.png,Not aproved
Cathie,Jacinda,Cathie.Jacinda@FauxMail.com,Fourth Year,PlaceholderStudentImage.png,Not aproved
Janenna,Giff,Janenna.Giff@FauxMail.com,Fourth Year,PlaceholderStudentImage.png,Approved
Sindee,Revkah,Sindee.Revkah@FauxMail.com,Fourth Year,PlaceholderStudentImage.png,Not aproved
Constance,Mendez,Constance.Mendez@FauxMail.com,Fourth Year,PlaceholderStudentImage.png,Approved
Quintina,Phyllis,Quintina.Phyllis@FauxMail.com,Fourth Year,PlaceholderStudentImage.png,Approved
Mellicent,Chesna,Mellicent.Chesna@FauxMail.com,Fourth Year,PlaceholderStudentImage.png,Not aproved
Joleen,Franza,Joleen.Franza@FauxMail.com,Fourth Year,PlaceholderStudentImage.png,Not aproved
Candy,Podvin,Candy.Podvin@FauxMail.com,Fourth Year,PlaceholderStudentImage.png,Not aproved
Mureil,Albertine,Mureil.Albertine@FauxMail.com,Fourth Year,PlaceholderStudentImage.png,Not aproved
Lucille,Nikaniki,Lucille.Nikaniki@FauxMail.com,Fourth Year,PlaceholderStudentImage.png,Not aproved
Hollie,Percy,Hollie.Percy@FauxMail.com,Fourth Year,PlaceholderStudentImage.png,Not aproved
Annaliese,Camden,Annaliese.Camden@FauxMail.com,Fourth Year,PlaceholderStudentImage.png,Not aproved
Melodie,Hylan,Melodie.Hylan@FauxMail.com,Fourth Year,PlaceholderStudentImage.png,Not aproved
Audrie,Sothena,Audrie.Sothena@FauxMail.com,Fourth Year,PlaceholderStudentImage.png,Not aproved
Maurene,Anestassia,Maurene.Anestassia@FauxMail.com,Fourth Year,PlaceholderStudentImage.png,Approved
Riannon,Maisey,Riannon.Maisey@FauxMail.com,Fourth Year,PlaceholderStudentImage.png,Approved
Ruthe,Pacorro,Ruthe.Pacorro@FauxMail.com,Fourth Year,PlaceholderStudentImage.png,Approved
Meghann,Land,Meghann.Land@FauxMail.com,Fourth Year,PlaceholderStudentImage.png,Approved
Jerry,Roxanna,Jerry.Roxanna@FauxMail.com,Fourth Year,PlaceholderStudentImage.png,Not aproved
Annabela,Joachim,Annabela.Joachim@FauxMail.com,Fourth Year,PlaceholderStudentImage.png,Not aproved
Fawne,Seagraves,Fawne.Seagraves@FauxMail.com,Fourth Year,PlaceholderStudentImage.png,Not aproved
Odessa,Adamsen,Odessa.Adamsen@FauxMail.com,Fourth Year,PlaceholderStudentImage.png,Approved
Jan,Braun,Jan.Braun@FauxMail.com,Fourth Year,PlaceholderStudentImage.png,Approved
Johna,Jacqui,Johna.Jacqui@FauxMail.com,Fourth Year,PlaceholderStudentImage.png,Approved
Cherrita,Daniele,Cherrita.Daniele@FauxMail.com,Fourth Year,PlaceholderStudentImage.png,Approved
Netty,Horan,Netty.Horan@FauxMail.com,Fourth Year,PlaceholderStudentImage.png,Not aproved
Trudie,Diogenes,Trudie.Diogenes@FauxMail.com,Fourth Year,PlaceholderStudentImage.png,Not aproved
Isa,Sallyann,Isa.Sallyann@FauxMail.com,Fourth Year,PlaceholderStudentImage.png,Not aproved
Pierette,Waite,Pierette.Waite@FauxMail.com,Fourth Year,PlaceholderStudentImage.png,Approved
Roz,Ventre,Roz.Ventre@FauxMail.com,Fourth Year,PlaceholderStudentImage.png,Approved
Darlleen,Eldrid,Darlleen.Eldrid@FauxMail.com,Fourth Year,PlaceholderStudentImage.png,Approved
Frances,Kolnick,Frances.Kolnick@FauxMail.com,Fourth Year,PlaceholderStudentImage.png,Not aproved
Laurene,Nahum,Laurene.Nahum@FauxMail.com,Fourth Year,PlaceholderStudentImage.png,Approved
Cam,Sheedy,Cam.Sheedy@FauxMail.com,Fourth Year,PlaceholderStudentImage.png,Not aproved
Dorice,Garek,Dorice.Garek@FauxMail.com,Fourth Year,PlaceholderStudentImage.png,Approved
Catharine,Boehike,Catharine.Boehike@FauxMail.com,Fourth Year,PlaceholderStudentImage.png,Approved
Eugine,Ciapas,Eugine.Ciapas@FauxMail.com,Fourth Year,PlaceholderStudentImage.png,Not aproved
Olivette,Nore,Olivette.Nore@FauxMail.com,Fourth Year,PlaceholderStudentImage.png,Approved
Sheelagh,Kendrick,Sheelagh.Kendrick@FauxMail.com,Fourth Year,PlaceholderStudentImage.png,Not aproved
Inga,Sekofski,Inga.Sekofski@FauxMail.com,Fourth Year,PlaceholderStudentImage.png,Approved
Jackie,Dermott,Jackie.Dermott@FauxMail.com,Fourth Year,PlaceholderStudentImage.png,Not aproved
Collen,Haymes,Collen.Haymes@FauxMail.com,Fourth Year,PlaceholderStudentImage.png,Approved
Elora,Reneta,Elora.Reneta@FauxMail.com,Fourth Year,PlaceholderStudentImage.png,Approved
Krystle,Bakerman,Krystle.Bakerman@FauxMail.com,Fourth Year,PlaceholderStudentImage.png,Approved
Consuela,Nicoline,Consuela.Nicoline@FauxMail.com,Fourth Year,PlaceholderStudentImage.png,Not aproved
Augustine,Nelsen,Augustine.Nelsen@FauxMail.com,Fourth Year,PlaceholderStudentImage.png,Approved
